"team1","team2","PF_sim","dims_sim","misc_sim","sim_score"
"Arizona Diamondbacks","Arizona Diamondbacks",0,0,0,0
"Atlanta Braves","Arizona Diamondbacks",3.26048415138294,4.53513242113858,1.09396508614474,34.2622672578581
"Baltimore Orioles","Arizona Diamondbacks",3.37003008575628,5.30200943584775,1.77269615660199,37.8989049786829
"Boston Red Sox","Arizona Diamondbacks",2.08938009455082,7.64770169363212,2.25315128512449,37.7325369333258
"Chicago Cubs","Arizona Diamondbacks",2.98800872745455,5.44922293447203,1.519868827843,35.7955899959864
"Chicago White Sox","Arizona Diamondbacks",3.20670463971387,4.2723480995884,2.05013135811786,34.1074034951663
"Cincinnati Reds","Arizona Diamondbacks",4.91420048050657,4.24254225734763,1.73019582284321,43.9430254779255
"Cleveland Guardians","Arizona Diamondbacks",2.97960432680902,4.52426743366826,2.01309801194603,33.4635262738049
"Colorado Rockies","Arizona Diamondbacks",3.96216327787182,5.05815650159566,4.5823283706741,43.529777542692
"Detroit Tigers","Arizona Diamondbacks",2.33598025534409,4.48601759829816,0.538037566340941,28.0119718932999
"Houston Astros","Arizona Diamondbacks",3.34831077489232,6.74438527405621,1.95883298210012,42.2818534536227
"Kansas City Royals","Arizona Diamondbacks",2.56729025657647,3.89973658264258,0.988511761923054,28.0914630493096
"Los Angeles Angels","Arizona Diamondbacks",4.20475838937455,4.53298564703679,1.9518051113562,40.7793123887139
"Los Angeles Dodgers","Arizona Diamondbacks",3.64320206820114,4.42569011050367,0.926353287485741,36.0626360282036
"Miami Marlins","Arizona Diamondbacks",2.16385489270025,3.02555719792528,1.16886832738447,23.2286692773618
"Milwaukee Brewers","Arizona Diamondbacks",5.10741747668307,4.43289106118758,0.852035133482245,44.7952131771434
"Minnesota Twins","Arizona Diamondbacks",2.59057978267094,5.0020092464064,1.21505967766952,31.7645661129144
"New York Mets","Arizona Diamondbacks",5.77153326398172,4.15168716610528,1.41412169535105,48.4983827775572
"New York Yankees","Arizona Diamondbacks",4.98433113353745,4.81168960514411,1.64020047449472,45.9812560911517
"Oakland Athletics","Arizona Diamondbacks",3.4513600221529,4.32947621997342,1.69504381086325,35.3916326037009
"Philadelphia Phillies","Arizona Diamondbacks",3.56636897497421,4.99827824708072,2.34992273306471,38.7429713241521
"Pittsburgh Pirates","Arizona Diamondbacks",2.65639577129075,4.80082715451218,0.745169023606781,31.0860251148878
"San Diego Padres","Arizona Diamondbacks",4.20574119986232,4.74614713109384,1.36552902110977,40.8384176135652
"San Francisco Giants","Arizona Diamondbacks",1.32718325201277,5.95470327046769,1.3985055258172,27.2257148492969
"Seattle Mariners","Arizona Diamondbacks",4.64771073489417,4.63881153276814,2.14603130889657,43.948730316566
"St. Louis Cardinals","Arizona Diamondbacks",2.79754361729595,4.11519469284791,0.823417116266732,29.9542628985861
"Tampa Bay Rays","Arizona Diamondbacks",3.25654535646645,4.34584888941067,1.65406983107007,34.2308886381008
"Texas Rangers","Arizona Diamondbacks",4.0973688936592,4.08846901208782,1.02860775164539,37.8782281498641
"Toronto Blue Jays","Arizona Diamondbacks",4.19462428929861,4.14382587524916,1.36910939122878,38.9683327527679
"Washington Nationals","Arizona Diamondbacks",3.38565049767566,3.20911977709779,1.60723787764982,31.5485001949971
"Arizona Diamondbacks","Atlanta Braves",3.26048415138294,4.53513242113858,1.09396508614474,34.2622672578581
"Atlanta Braves","Atlanta Braves",0,0,0,0
"Baltimore Orioles","Atlanta Braves",3.81017207396427,1.92557340541039,1.08194711604045,29.7196997760573
"Boston Red Sox","Atlanta Braves",3.40105533235976,8.10057741085296,1.35698937490097,46.0650536016184
"Chicago Cubs","Atlanta Braves",2.001768722268,4.6728200495121,0.552037368668045,26.5811098508124
"Chicago White Sox","Atlanta Braves",3.55869094707648,2.23279563926339,0.992597034235288,29.0431296344844
"Cincinnati Reds","Atlanta Braves",3.33520387531182,2.35766643949986,0.73473977048639,27.8189623408569
"Cleveland Guardians","Atlanta Braves",2.43185295562686,3.39415456140705,0.94596155512768,25.71954297311
"Colorado Rockies","Atlanta Braves",4.5503960151739,3.50231666294581,5.04361950013925,42.8529455800201
"Detroit Tigers","Atlanta Braves",2.41885494616139,3.43847202152074,1.07088992795027,25.8994356694808
"Houston Astros","Atlanta Braves",3.07004807739534,6.98878247239385,1.15501649300408,40.5416523745576
"Kansas City Royals","Atlanta Braves",4.47053298376075,2.16352145008192,2.0527055100715,35.3664677628817
"Los Angeles Angels","Atlanta Braves",3.45979565336353,1.03726577381718,1.08729809746458,24.9578693390973
"Los Angeles Dodgers","Atlanta Braves",3.91603247812383,2.52088394135376,0.661409878429636,31.7202565712339
"Miami Marlins","Atlanta Braves",3.06194805593471,2.89315618686229,1.59449409111641,28.6456509873115
"Milwaukee Brewers","Atlanta Braves",2.57721256109196,2.90227790807973,0.60840169457312,24.7785107853641
"Minnesota Twins","Atlanta Braves",2.31835957254047,1.70105241087711,0.220244328518208,19.2335589963924
"New York Mets","Atlanta Braves",3.9385590760886,2.5098790198974,1.1116854159109,32.2726769321347
"New York Yankees","Atlanta Braves",4.52888333760114,2.89441635488223,1.03068559990858,36.8872346901621
"Oakland Athletics","Atlanta Braves",3.66695216186569,2.48463561495799,1.08919972953663,30.5448195456047
"Philadelphia Phillies","Atlanta Braves",2.83349405155014,2.62302009299445,1.42974127362261,26.2997658619068
"Pittsburgh Pirates","Atlanta Braves",3.58519484799531,1.65691537296494,0.485762012565538,26.9676772194322
"San Diego Padres","Atlanta Braves",3.51717540039074,1.39022832687141,1.11752882769139,26.3912662106501
"San Francisco Giants","Atlanta Braves",4.13022294964563,2.86309607581166,1.13442946498569,34.5050553902944
"Seattle Mariners","Atlanta Braves",3.52236448277054,2.72154086856357,1.28801940402703,30.586828906341
"St. Louis Cardinals","Atlanta Braves",3.64875669733925,1.96000574353101,0.855214692975366,28.6277721076039
"Tampa Bay Rays","Atlanta Braves",2.93668014601203,2.63195118344073,1.07169287455884,26.5876273009532
"Texas Rangers","Atlanta Braves",3.37918580661243,2.07515408224686,0.551217325893035,27.0517944123082
"Toronto Blue Jays","Atlanta Braves",4.52738938260093,1.8162554516013,0.793036340921108,33.4061389913306
"Washington Nationals","Atlanta Braves",3.4548422064389,2.14440252493031,1.04727449947454,28.2095353128989
"Arizona Diamondbacks","Baltimore Orioles",3.37003008575628,5.30200943584775,1.77269615660199,37.8989049786829
"Atlanta Braves","Baltimore Orioles",3.81017207396427,1.92557340541039,1.08194711604045,29.7196997760573
"Baltimore Orioles","Baltimore Orioles",0,0,0,0
"Boston Red Sox","Baltimore Orioles",3.17906946062176,7.56842113355438,0.578557920996227,42.3582380853899
"Chicago Cubs","Baltimore Orioles",2.19655294511671,4.8070172279081,0.612381461886278,28.2127508163108
"Chicago White Sox","Baltimore Orioles",1.88893738368566,2.7553924992816,0.870957885552953,20.4707596855117
"Cincinnati Reds","Baltimore Orioles",4.09462318440698,2.76178661084516,0.605743590160205,33.4588425291376
"Cleveland Guardians","Baltimore Orioles",2.70951802360297,3.34982475187639,0.900987943614716,27.2075703408617
"Colorado Rockies","Baltimore Orioles",6.16218555083083,4.55678757598062,6.10732178845082,56.7507978213776
"Detroit Tigers","Baltimore Orioles",2.59281283939722,4.01301079938754,1.3889646771721,28.984874111718
"Houston Astros","Baltimore Orioles",3.22779505403245,6.6012119821379,0.24505767271657,39.415463943325
"Kansas City Royals","Baltimore Orioles",4.77707535759906,3.37501476919718,2.47944069171405,41.2669371448999
"Los Angeles Angels","Baltimore Orioles",3.24962986694743,2.25431795996439,0.336658159283918,26.5973912408617
"Los Angeles Dodgers","Baltimore Orioles",1.86903342698489,3.55682044369231,0.847342576375896,22.7320044693622
"Miami Marlins","Baltimore Orioles",3.61632416611542,4.11538234576976,1.44624432835167,35.4903363623534
"Milwaukee Brewers","Baltimore Orioles",4.60199282642453,3.85102487755786,0.921308374638563,40.0863399658593
"Minnesota Twins","Baltimore Orioles",3.52845420022707,1.70674915490224,0.865523593358482,27.1564962594276
"New York Mets","Baltimore Orioles",5.2089137426912,2.90828196154352,0.556722967694197,40.5350513084719
"New York Yankees","Baltimore Orioles",3.36539797751054,3.38279909141116,0.157538936133881,30.4983240754306
"Oakland Athletics","Baltimore Orioles",3.63627056559672,2.81300451069608,0.137378042810659,30.3940149684792
"Philadelphia Phillies","Baltimore Orioles",3.25834900654416,2.44191177002026,0.689788691581706,27.5656180409075
"Pittsburgh Pirates","Baltimore Orioles",3.15449917893324,2.08321479754809,1.06314704409668,26.2397865103404
"San Diego Padres","Baltimore Orioles",2.22099687357925,2.46191197895982,0.62299928713908,21.3347164654941
"San Francisco Giants","Baltimore Orioles",3.05101342026788,1.58005073364527,0.601721105730036,23.6479538282731
"Seattle Mariners","Baltimore Orioles",2.64555843715809,3.08278063397873,0.445629134595168,25.5673216594799
"St. Louis Cardinals","Baltimore Orioles",2.28121178960595,3.08596956475307,1.00288191731689,23.9480613492118
"Tampa Bay Rays","Baltimore Orioles",3.04082565081249,2.76898952228404,0.179037637991071,26.7309601097181
"Texas Rangers","Baltimore Orioles",3.89718823356228,2.78028354825181,0.75456135323165,32.4785413993608
"Toronto Blue Jays","Baltimore Orioles",2.35302954374421,2.76341382769733,0.403610839371506,22.8120295849287
"Washington Nationals","Baltimore Orioles",2.0103973592306,3.25350810022518,0.222476661652615,22.0453851177117
"Arizona Diamondbacks","Boston Red Sox",2.08938009455082,7.64770169363212,2.25315128512449,37.7325369333258
"Atlanta Braves","Boston Red Sox",3.40105533235976,8.10057741085296,1.35698937490097,46.0650536016184
"Baltimore Orioles","Boston Red Sox",3.17906946062176,7.56842113355438,0.578557920996227,42.3582380853899
"Boston Red Sox","Boston Red Sox",0,0,0,0
"Chicago Cubs","Boston Red Sox",3.27534278351973,8.32809877994024,0.805207169719728,45.4415602106588
"Chicago White Sox","Boston Red Sox",3.13102764129859,7.31761466508782,0.62332169286728,41.3623315359223
"Cincinnati Reds","Boston Red Sox",4.5624530119661,6.5863777761688,0.637937846122432,47.7717892464254
"Cleveland Guardians","Boston Red Sox",2.4790060822092,5.4837307171052,0.684916134291041,32.0101447788618
"Colorado Rockies","Boston Red Sox",4.99230391563774,10.0135086022766,6.37463310018996,66.3689824008461
"Detroit Tigers","Boston Red Sox",3.05794229823139,8.68534360243948,1.92901538411399,46.3326999808208
"Houston Astros","Boston Red Sox",3.11825632449029,7.50937707177244,0.334710197285574,41.5723793595446
"Kansas City Royals","Boston Red Sox",3.97228845326247,7.85075985135493,3.03018342443914,50.4161936980788
"Los Angeles Angels","Boston Red Sox",3.40729769147358,8.53667621932286,0.301819203521629,46.3556340103317
"Los Angeles Dodgers","Boston Red Sox",3.13987710058099,7.78199377537593,1.35585872755095,43.5411026571647
"Miami Marlins","Boston Red Sox",2.75545396307565,8.10144754152762,2.02447670267238,42.8615431057091
"Milwaukee Brewers","Boston Red Sox",4.49623167611822,8.41089899777674,1.41322924170344,53.623316291743
"Minnesota Twins","Boston Red Sox",2.0937175438345,8.40379828599854,1.14532212373724,38.9190222447399
"New York Mets","Boston Red Sox",5.70363037126609,7.47648041989447,1.13463974285659,57.7858632301366
"New York Yankees","Boston Red Sox",4.17102618581959,7.26482837939096,0.735061300010383,47.5557035531008
"Oakland Athletics","Boston Red Sox",3.70308054843118,7.14474014773899,0.712158498996108,44.3648622328002
"Philadelphia Phillies","Boston Red Sox",3.71392128623885,7.12626142719455,0.111238330826308,43.773550329843
"Pittsburgh Pirates","Boston Red Sox",2.9928458196128,8.0164222793701,1.51123863791917,43.5175803937063
"San Diego Padres","Boston Red Sox",3.71212156071139,7.90032039311243,1.20131897116461,47.1750095147702
"San Francisco Giants","Boston Red Sox",2.23510197603313,7.72885862807675,1.17928979337505,37.7764775338041
"Seattle Mariners","Boston Red Sox",3.85136700293098,6.3300869794482,0.13401038193456,42.232473337865
"St. Louis Cardinals","Boston Red Sox",3.23131179648938,7.75006399978454,1.54335382267164,44.1814166009615
"Tampa Bay Rays","Boston Red Sox",2.74114826022832,6.43760963523874,0.756412708328478,36.5161311754146
"Texas Rangers","Boston Red Sox",3.38895823887664,7.34084074091244,1.22899273413334,43.5852643901305
"Toronto Blue Jays","Boston Red Sox",3.11998055544835,7.24084090683336,0.929838710739088,41.3722447639293
"Washington Nationals","Boston Red Sox",3.38387346205042,7.42334299804534,0.801021561888675,43.3742913283272
"Arizona Diamondbacks","Chicago Cubs",2.98800872745455,5.44922293447203,1.519868827843,35.7955899959864
"Atlanta Braves","Chicago Cubs",2.001768722268,4.6728200495121,0.552037368668045,26.5811098508124
"Baltimore Orioles","Chicago Cubs",2.19655294511671,4.8070172279081,0.612381461886278,28.2127508163108
"Boston Red Sox","Chicago Cubs",3.27534278351973,8.32809877994024,0.805207169719728,45.4415602106588
"Chicago Cubs","Chicago Cubs",0,0,0,0
"Chicago White Sox","Chicago Cubs",1.96336444168305,3.91055675490766,0.556165286079087,24.0680222009004
"Cincinnati Reds","Chicago Cubs",2.75898326392001,4.5710028706855,0.210502893523229,30.4774110890998
"Cleveland Guardians","Chicago Cubs",1.97264749362275,4.58587201657036,0.537601979397848,26.1311029908454
"Colorado Rockies","Chicago Cubs",4.83856338133269,4.20906820147122,5.58600271594289,47.2445876083527
"Detroit Tigers","Chicago Cubs",1.26030197760623,5.04458501692028,1.31256124826753,24.0081281646657
"Houston Astros","Chicago Cubs",2.25443583135843,7.56112860295208,0.621752082798722,36.8317528798055
"Kansas City Royals","Chicago Cubs",4.02926620467902,5.04862608897579,2.39711612508899,41.7185916200905
"Los Angeles Angels","Chicago Cubs",2.74017620090393,4.83672959156229,0.539601412109494,31.4908473922199
"Los Angeles Dodgers","Chicago Cubs",2.33177567651367,4.90701837409514,0.739234414444072,29.4509435958115
"Miami Marlins","Chicago Cubs",2.53689372054889,4.32938125611981,1.64011571517167,29.8496218068244
"Milwaukee Brewers","Chicago Cubs",3.07743307804419,2.94304777780746,0.756387891258552,28.0501296929461
"Minnesota Twins","Chicago Cubs",2.4054434490999,4.21309391481526,0.341567748154599,27.4135101871998
"New York Mets","Chicago Cubs",3.64572671721347,4.20249680436269,0.888548564600279,35.3703992809692
"New York Yankees","Chicago Cubs",3.35775599095284,6.41809167504406,0.625782945797646,40.0265939166469
"Oakland Athletics","Chicago Cubs",2.93729927890183,4.13662366538033,0.671760249586475,30.7054269191384
"Philadelphia Phillies","Chicago Cubs",1.75027185540652,3.99992369664799,0.880857033395607,23.3822592557787
"Pittsburgh Pirates","Chicago Cubs",2.65718496415124,5.54459967142331,0.782477896469664,33.359386695647
"San Diego Padres","Chicago Cubs",2.00989520392388,4.99845745510473,0.927076810305453,27.9818203991629
"San Francisco Giants","Chicago Cubs",3.35855219967896,5.5497085262042,0.927778203621228,37.7282169803076
"Seattle Mariners","Chicago Cubs",2.63724668618705,4.29254874232514,0.73792767254331,29.439054016641
"St. Louis Cardinals","Chicago Cubs",2.05671220052715,3.8366855969812,0.967715785641022,24.8180457797475
"Tampa Bay Rays","Chicago Cubs",2.43733644101296,5.45481879945576,0.674209189314096,31.6626842337591
"Texas Rangers","Chicago Cubs",2.92847723985616,4.82893770430563,0.580941814478583,32.6386183665324
"Toronto Blue Jays","Chicago Cubs",3.32986300868672,4.6146437302503,0.516673626422521,34.3397828692937
"Washington Nationals","Chicago Cubs",1.69882837952942,3.68707395264814,0.671985273489088,21.92617740861
"Arizona Diamondbacks","Chicago White Sox",3.20670463971387,4.2723480995884,2.05013135811786,34.1074034951663
"Atlanta Braves","Chicago White Sox",3.55869094707648,2.23279563926339,0.992597034235288,29.0431296344844
"Baltimore Orioles","Chicago White Sox",1.88893738368566,2.7553924992816,0.870957885552953,20.4707596855117
"Boston Red Sox","Chicago White Sox",3.13102764129859,7.31761466508782,0.62332169286728,41.3623315359223
"Chicago Cubs","Chicago White Sox",1.96336444168305,3.91055675490766,0.556165286079087,24.0680222009004
"Chicago White Sox","Chicago White Sox",0,0,0,0
"Cincinnati Reds","Chicago White Sox",2.89305356425207,1.28887943102928,0.361830097289729,21.58678977589
"Cleveland Guardians","Chicago White Sox",1.77651802623672,2.47426833619697,0.0666456963967527,18.148558862408
"Colorado Rockies","Chicago White Sox",5.30454964896423,3.98047627214156,5.859500232611,49.6282269428211
"Detroit Tigers","Chicago White Sox",1.66210045684299,3.25578897135954,1.86872320902994,21.6086928641665
"Houston Astros","Chicago White Sox",2.00009430901768,6.06863961971091,0.705642111571259,30.9121268248101
"Kansas City Royals","Chicago White Sox",3.72793805365818,2.43611046118111,2.95012936129293,32.6260890667854
"Los Angeles Angels","Chicago White Sox",2.98100761033692,2.5805520968536,0.572964277248847,26.2006662298312
"Los Angeles Dodgers","Chicago White Sox",1.6134883955571,1.6320883202359,1.2932098376126,15.8704051716629
"Miami Marlins","Chicago White Sox",2.45834132474752,3.21437149426241,2.16379278928992,26.5569552205623
"Milwaukee Brewers","Chicago White Sox",3.92674963611711,1.91026138935737,1.31255186285238,30.6038338476271
"Minnesota Twins","Chicago White Sox",2.58682819846076,2.94900373596098,0.835577523875276,25.2035579225228
"New York Mets","Chicago White Sox",3.92001100757452,1.27552561833946,1.33854950826519,28.6851924087307
"New York Yankees","Chicago White Sox",2.49895337453151,2.83913122732125,0.973848027693314,24.4849619568462
"Oakland Athletics","Chicago White Sox",2.88321441824745,0.55946874928607,0.991610776807266,19.9693035341502
"Philadelphia Phillies","Chicago White Sox",2.01369981704299,1.50380737281209,0.62638049916773,17.220001519862
"Pittsburgh Pirates","Chicago White Sox",1.59226061035756,3.25849384401977,1.32775803861181,20.6568032328165
"San Diego Padres","Chicago White Sox",1.7403854852597,1.73892377718291,1.39136781791709,17.050452061024
"San Francisco Giants","Chicago White Sox",3.09393831621113,4.04340232381551,1.38291713475852,32.0767540034718
"Seattle Mariners","Chicago White Sox",2.74020807850395,1.41933050365304,0.658165718301243,21.3574057002841
"St. Louis Cardinals","Chicago White Sox",0.978676006664542,1.11152023124943,1.51982034028036,10.7264370740159
"Tampa Bay Rays","Chicago White Sox",2.74138039867429,2.34033224193904,1.0178798076304,24.4871589254933
"Texas Rangers","Chicago White Sox",2.66815119330863,1.4054951913743,1.13586903037415,21.3612617643489
"Toronto Blue Jays","Chicago White Sox",2.3521592490631,1.20216472500274,0.998472044815307,18.7179217142021
"Washington Nationals","Chicago White Sox",1.49820680564801,1.48823580545708,1.04046943813004,14.4944176883893
"Arizona Diamondbacks","Cincinnati Reds",4.91420048050657,4.24254225734763,1.73019582284321,43.9430254779255
"Atlanta Braves","Cincinnati Reds",3.33520387531182,2.35766643949986,0.73473977048639,27.8189623408569
"Baltimore Orioles","Cincinnati Reds",4.09462318440698,2.76178661084516,0.605743590160205,33.4588425291376
"Boston Red Sox","Cincinnati Reds",4.5624530119661,6.5863777761688,0.637937846122432,47.7717892464254
"Chicago Cubs","Cincinnati Reds",2.75898326392001,4.5710028706855,0.210502893523229,30.4774110890998
"Chicago White Sox","Cincinnati Reds",2.89305356425207,1.28887943102928,0.361830097289729,21.58678977589
"Cincinnati Reds","Cincinnati Reds",0,0,0,0
"Cleveland Guardians","Cincinnati Reds",2.72719403982549,1.47491462643923,0.357338993272252,21.1452471115429
"Colorado Rockies","Cincinnati Reds",5.17684405507001,4.22639016466947,5.73674247941919,49.4769773038477
"Detroit Tigers","Cincinnati Reds",3.0149790668877,3.1259599542283,1.51440703989693,28.982161303908
"Houston Astros","Cincinnati Reds",2.65329082662722,5.26258543866195,0.531212595337703,32.2387138710869
"Kansas City Royals","Cincinnati Reds",4.93851614724744,1.94580338681898,2.60392446953025,38.0724315134718
"Los Angeles Angels","Cincinnati Reds",3.23170242510682,2.64469666311832,0.41830500011763,27.7426095401135
"Los Angeles Dodgers","Cincinnati Reds",3.21434367653805,2.15645585979934,0.934608777135412,26.6900384157618
"Miami Marlins","Cincinnati Reds",3.44190125060628,3.21214219308513,1.80491063678611,32.0927447196792
"Milwaukee Brewers","Cincinnati Reds",2.37578355030033,2.73946867397043,0.95895863199696,23.4320659557102
"Minnesota Twins","Cincinnati Reds",2.93430579259234,3.10426475489794,0.538466080666259,27.4570951009141
"New York Mets","Cincinnati Reds",2.26695508250922,1.34030370508987,1.0004523778659,18.6230939881908
"New York Yankees","Cincinnati Reds",2.97969365262942,2.10596150111024,0.670055769824236,24.8661021889315
"Oakland Athletics","Cincinnati Reds",4.17279788193783,1.25152836656399,0.70171427384222,29.4930866651611
"Philadelphia Phillies","Cincinnati Reds",1.7317899866237,1.6929311413614,0.699880261525509,16.1694136053519
"Pittsburgh Pirates","Cincinnati Reds",3.3188757920976,3.14493868895805,0.992730954997976,30.3408017744577
"San Diego Padres","Cincinnati Reds",2.47203840945565,2.12241788169723,1.04852910720866,22.2480132090342
"San Francisco Giants","Cincinnati Reds",5.31121698917842,3.93542546613126,1.04334450343564,44.7169228369
"Seattle Mariners","Cincinnati Reds",3.40623640702544,0.818441038597393,0.595856664693786,23.4885982226386
"St. Louis Cardinals","Cincinnati Reds",3.17438591324531,1.6744906735634,1.15967266811092,25.229460168273
"Tampa Bay Rays","Cincinnati Reds",3.69333032916818,1.4267992974387,0.717778092179048,27.1581579595042
"Texas Rangers","Cincinnati Reds",2.21572213790905,0.915741598464671,0.778706735944837,16.8202643587931
"Toronto Blue Jays","Cincinnati Reds",4.09379788580162,1.11576617060251,0.645716826924251,28.5558026535415
"Washington Nationals","Cincinnati Reds",2.83361810926495,1.77849624330146,0.729961734790215,23.0671591202843
"Arizona Diamondbacks","Cleveland Guardians",2.97960432680902,4.52426743366826,2.01309801194603,33.4635262738049
"Atlanta Braves","Cleveland Guardians",2.43185295562686,3.39415456140705,0.94596155512768,25.71954297311
"Baltimore Orioles","Cleveland Guardians",2.70951802360297,3.34982475187639,0.900987943614716,27.2075703408617
"Boston Red Sox","Cleveland Guardians",2.4790060822092,5.4837307171052,0.684916134291041,32.0101447788618
"Chicago Cubs","Cleveland Guardians",1.97264749362275,4.58587201657036,0.537601979397848,26.1311029908454
"Chicago White Sox","Cleveland Guardians",1.77651802623672,2.47426833619697,0.0666456963967527,18.148558862408
"Cincinnati Reds","Cleveland Guardians",2.72719403982549,1.47491462643923,0.357338993272252,21.1452471115429
"Cleveland Guardians","Cleveland Guardians",0,0,0,0
"Colorado Rockies","Cleveland Guardians",5.0382922009646,4.83695836440533,5.7944150242563,50.5350433232598
"Detroit Tigers","Cleveland Guardians",1.76776404077008,3.70025397880455,1.84736093923703,23.5547071202712
"Houston Astros","Cleveland Guardians",1.96352122580331,4.60639198937658,0.748596921584596,26.3489002445342
"Kansas City Royals","Cleveland Guardians",3.8855822152388,2.77353054547918,2.92258918919469,34.5566741170651
"Los Angeles Angels","Cleveland Guardians",2.94461934043917,3.63906357891858,0.615871812991756,29.2007785923825
"Los Angeles Dodgers","Cleveland Guardians",2.65098394241659,3.37652544766473,1.27683637324491,27.3123163707386
"Miami Marlins","Cleveland Guardians",2.40514908115425,3.699748594198,2.16194415243528,27.6920844219548
"Milwaukee Brewers","Cleveland Guardians",2.92105809132485,3.52772220841085,1.29172840400568,29.4012435771873
"Minnesota Twins","Cleveland Guardians",1.59691284690672,3.74780827763737,0.798158529959785,21.6230604443122
"New York Mets","Cleveland Guardians",3.64785542559251,2.29754491696346,1.35030033955387,30.1300676439993
"New York Yankees","Cleveland Guardians",2.9910689921568,3.04625767217017,0.995825675830345,28.0810126452816
"Oakland Athletics","Cleveland Guardians",2.95119047433305,2.37731692249761,1.01717621859503,25.8562698320862
"Philadelphia Phillies","Cleveland Guardians",2.30557338872336,2.36105609137025,0.691388399918313,21.6079970063692
"Pittsburgh Pirates","Cleveland Guardians",1.85950693662393,3.9357027751492,1.29761551081887,24.26176545601
"San Diego Padres","Cleveland Guardians",2.39481745437162,3.41834653738606,1.40098605572834,26.0249303941162
"San Francisco Giants","Cleveland Guardians",3.37294395067206,4.26098801915694,1.3940722074144,34.4146999689176
"Seattle Mariners","Cleveland Guardians",2.57094839730636,1.41938793050338,0.713666861030119,20.3975210363784
"St. Louis Cardinals","Cleveland Guardians",2.29709276386209,2.7682989968384,1.50511137905569,23.5925649527434
"Tampa Bay Rays","Cleveland Guardians",2.39011164274109,1.94910976193701,1.04106774529297,21.2290668875506
"Texas Rangers","Cleveland Guardians",2.3249818455861,2.20823807914696,1.11846494209026,21.6930702530477
"Toronto Blue Jays","Cleveland Guardians",2.82136556666352,2.38096686888171,1.00202103934578,25.073115045972
"Washington Nationals","Cleveland Guardians",2.58820985345211,2.63646584019351,1.06095139598069,24.4996080372739
"Arizona Diamondbacks","Colorado Rockies",3.96216327787182,5.05815650159566,4.5823283706741,43.529777542692
"Atlanta Braves","Colorado Rockies",4.5503960151739,3.50231666294581,5.04361950013925,42.8529455800201
"Baltimore Orioles","Colorado Rockies",6.16218555083083,4.55678757598062,6.10732178845082,56.7507978213776
"Boston Red Sox","Colorado Rockies",4.99230391563774,10.0135086022766,6.37463310018996,66.3689824008461
"Chicago Cubs","Colorado Rockies",4.83856338133269,4.20906820147122,5.58600271594289,47.2445876083527
"Chicago White Sox","Colorado Rockies",5.30454964896423,3.98047627214156,5.859500232611,49.6282269428211
"Cincinnati Reds","Colorado Rockies",5.17684405507001,4.22639016466947,5.73674247941919,49.4769773038477
"Cleveland Guardians","Colorado Rockies",5.0382922009646,4.83695836440533,5.7944150242563,50.5350433232598
"Colorado Rockies","Colorado Rockies",0,0,0,0
"Detroit Tigers","Colorado Rockies",4.21369815458816,3.1252651988277,5.12003721714449,39.7780217411566
"Houston Astros","Colorado Rockies",5.17247150386982,6.86602247366847,6.19861267527619,57.8315091195005
"Kansas City Royals","Colorado Rockies",2.77511356098002,3.18746532624257,4.69698138194176,30.9100587265496
"Los Angeles Angels","Colorado Rockies",6.24520635798404,3.08663298319357,6.12560404878883,52.8567411462738
"Los Angeles Dodgers","Colorado Rockies",5.84026033057845,4.60564609030339,5.37482417326982,54.2333244276507
"Miami Marlins","Colorado Rockies",3.73227916136394,3.0743937865885,5.70330968091035,37.3201660088595
"Milwaukee Brewers","Colorado Rockies",6.07452274728906,3.00146391029462,5.28369467373169,50.7352228883499
"Minnesota Twins","Colorado Rockies",4.2198233648558,3.2012189236553,5.26372729382506,40.1863242539257
"New York Mets","Colorado Rockies",6.23985095376113,3.61797028090528,5.92797395420037,54.220990519483
"New York Yankees","Colorado Rockies",6.89873989486347,5.14477698438564,6.0240260986197,62.8507964209575
"Oakland Athletics","Colorado Rockies",5.97778082163836,4.27448051812821,6.08457474098398,54.7747012251988
"Philadelphia Phillies","Colorado Rockies",4.34715683014409,4.24914764007049,6.4295006813111,45.2598845823871
"Pittsburgh Pirates","Colorado Rockies",4.39484403772492,4.46330595594392,5.09749739580137,44.8564794899826
"San Diego Padres","Colorado Rockies",6.13035243625526,4.36373023077247,5.89339825247931,55.7667035623283
"San Francisco Giants","Colorado Rockies",4.94789084462901,5.37302809992797,5.92404160204529,51.7304709696032
"Seattle Mariners","Colorado Rockies",7.10981172311564,4.45398488033291,6.32247484410525,62.3432998237978
"St. Louis Cardinals","Colorado Rockies",4.61889626640235,3.36068705391229,5.36128252427509,43.1567212844261
"Tampa Bay Rays","Colorado Rockies",5.88482562275279,4.84781196318574,6.05559928572667,55.9079889118007
"Texas Rangers","Colorado Rockies",5.32221821659618,3.81834102955669,5.39872031738314,48.7870527056303
"Toronto Blue Jays","Colorado Rockies",6.99708057635865,4.03189174286016,5.74945538489624,59.8276140716286
"Washington Nationals","Colorado Rockies",5.18955264773811,3.2520724680785,6.01880137045196,46.9123346611161
"Arizona Diamondbacks","Detroit Tigers",2.33598025534409,4.48601759829816,0.538037566340941,28.0119718932999
"Atlanta Braves","Detroit Tigers",2.41885494616139,3.43847202152074,1.07088992795027,25.8994356694808
"Baltimore Orioles","Detroit Tigers",2.59281283939722,4.01301079938754,1.3889646771721,28.984874111718
"Boston Red Sox","Detroit Tigers",3.05794229823139,8.68534360243948,1.92901538411399,46.3326999808208
"Chicago Cubs","Detroit Tigers",1.26030197760623,5.04458501692028,1.31256124826753,24.0081281646657
"Chicago White Sox","Detroit Tigers",1.66210045684299,3.25578897135954,1.86872320902994,21.6086928641665
"Cincinnati Reds","Detroit Tigers",3.0149790668877,3.1259599542283,1.51440703989693,28.982161303908
"Cleveland Guardians","Detroit Tigers",1.76776404077008,3.70025397880455,1.84736093923703,23.5547071202712
"Colorado Rockies","Detroit Tigers",4.21369815458816,3.1252651988277,5.12003721714449,39.7780217411566
"Detroit Tigers","Detroit Tigers",0,0,0,0
"Houston Astros","Detroit Tigers",2.02601362426589,5.13300210725461,1.60718452525325,29.1622725926124
"Kansas City Royals","Detroit Tigers",2.89954271638972,2.25695803897458,1.10325211913897,25.271382534401
"Los Angeles Angels","Detroit Tigers",3.27426616892803,3.51366187182229,1.63143840145312,31.8180210304882
"Los Angeles Dodgers","Detroit Tigers",2.61134054405347,3.88548730373971,0.585693513273658,27.9101986888136
"Miami Marlins","Detroit Tigers",1.69041208175434,2.62347892486853,0.669692708070446,18.6826019732021
"Milwaukee Brewers","Detroit Tigers",3.63606794104767,3.23640503015112,0.556174778721981,32.0817975154614
"Minnesota Twins","Detroit Tigers",2.09058371290984,3.70658929429986,1.09293597396176,24.7562061343204
"New York Mets","Detroit Tigers",3.74602382214274,2.15652884534041,0.940218398810325,29.885947867688
"New York Yankees","Detroit Tigers",3.57177249121222,4.03980102870932,1.23966161652372,34.789699649925
"Oakland Athletics","Detroit Tigers",2.61352267077032,3.54981099371836,1.28663441679066,27.6172034225677
"Philadelphia Phillies","Detroit Tigers",1.70745005061674,3.95910055847636,2.0348613040579,24.1568632831874
"Pittsburgh Pirates","Detroit Tigers",1.60422130827693,4.62320024186634,0.58934912800627,24.0842777032669
"San Diego Padres","Detroit Tigers",2.58349912579058,3.75737538040557,0.882390066420469,27.6555109623806
"San Francisco Giants","Detroit Tigers",2.79395686620521,4.64669919846779,0.915741577947355,31.619580370582
"Seattle Mariners","Detroit Tigers",3.32945451424847,3.56878778821215,1.80748736445012,32.4905778145774
"St. Louis Cardinals","Detroit Tigers",1.41174543160927,3.00861969285486,0.386901354917121,17.8832330231373
"Tampa Bay Rays","Detroit Tigers",2.64514216510779,3.93374243811724,1.24168609846527,28.9137664034638
"Texas Rangers","Detroit Tigers",2.89464784745857,2.54957686165364,0.736551340280541,25.7531690099929
"Toronto Blue Jays","Detroit Tigers",3.51994257492335,3.27309528027817,1.00039429434723,31.9393355847218
"Washington Nationals","Detroit Tigers",1.98897984785825,3.03318208874849,1.19237440947778,22.2257997628727
"Arizona Diamondbacks","Houston Astros",3.34831077489232,6.74438527405621,1.95883298210012,42.2818534536227
"Atlanta Braves","Houston Astros",3.07004807739534,6.98878247239385,1.15501649300408,40.5416523745576
"Baltimore Orioles","Houston Astros",3.22779505403245,6.6012119821379,0.24505767271657,39.415463943325
"Boston Red Sox","Houston Astros",3.11825632449029,7.50937707177244,0.334710197285574,41.5723793595446
"Chicago Cubs","Houston Astros",2.25443583135843,7.56112860295208,0.621752082798722,36.8317528798055
"Chicago White Sox","Houston Astros",2.00009430901768,6.06863961971091,0.705642111571259,30.9121268248101
"Cincinnati Reds","Houston Astros",2.65329082662722,5.26258543866195,0.531212595337703,32.2387138710869
"Cleveland Guardians","Houston Astros",1.96352122580331,4.60639198937658,0.748596921584596,26.3489002445342
"Colorado Rockies","Houston Astros",5.17247150386982,6.86602247366847,6.19861267527619,57.8315091195005
"Detroit Tigers","Houston Astros",2.02601362426589,5.13300210725461,1.60718452525325,29.1622725926124
"Houston Astros","Houston Astros",0,0,0,0
"Kansas City Royals","Houston Astros",3.9977211986577,5.6544040504715,2.70497020965942,43.6545095530201
"Los Angeles Angels","Houston Astros",1.90625322271625,6.78187221521993,0.13280282025161,31.9159388022089
"Los Angeles Dodgers","Houston Astros",2.13723551586041,7.02216054776805,1.04456332755281,34.9344580660194
"Miami Marlins","Houston Astros",1.72515574827739,6.63739307241021,1.69116743771931,31.9542811446143
"Milwaukee Brewers","Houston Astros",2.87117456129754,6.77334009969556,1.10928417051279,38.6563518373847
"Minnesota Twins","Houston Astros",1.6731375164041,6.79703290002769,0.935023894753144,31.3649476932608
"New York Mets","Houston Astros",2.95520674387078,5.166992246501,0.801774777385925,34.0339919801136
"New York Yankees","Houston Astros",2.11144147299948,5.71764841385349,0.40058547184387,30.2221795514012
"Oakland Athletics","Houston Astros",1.71363436334709,5.88598230121426,0.380918705890769,28.3206717896161
"Philadelphia Phillies","Houston Astros",1.63848614510164,5.74045520415476,0.445755488395635,27.4980379714697
"Pittsburgh Pirates","Houston Astros",2.17105073873926,7.30953786167558,1.22753047709654,36.1824484945588
"San Diego Padres","Houston Astros",1.97263962766252,7.16928463120421,0.867945026642326,34.2116366862301
"San Francisco Giants","Houston Astros",3.36447571116911,7.33199249848285,0.846775241887071,43.0296070043503
"Seattle Mariners","Houston Astros",2.64437418102584,5.52338007231827,0.203776968762408,32.6401622718723
"St. Louis Cardinals","Houston Astros",2.21004256757368,6.41329353928365,1.22037882741104,33.7205148507041
"Tampa Bay Rays","Houston Astros",1.55284491814012,5.29631899693217,0.42393282000217,25.6299593196394
"Texas Rangers","Houston Astros",1.23141639709298,5.37289990197235,0.930282113431416,24.4374802019063
"Toronto Blue Jays","Houston Astros",2.65043188133366,6.15099445211957,0.607218630215309,34.962793274576
"Washington Nationals","Houston Astros",2.02603667638904,6.20700499825114,0.467304388567706,31.2445394416553
"Arizona Diamondbacks","Kansas City Royals",2.56729025657647,3.89973658264258,0.988511761923054,28.0914630493096
"Atlanta Braves","Kansas City Royals",4.47053298376075,2.16352145008192,2.0527055100715,35.3664677628817
"Baltimore Orioles","Kansas City Royals",4.77707535759906,3.37501476919718,2.47944069171405,41.2669371448999
"Boston Red Sox","Kansas City Royals",3.97228845326247,7.85075985135493,3.03018342443914,50.4161936980788
"Chicago Cubs","Kansas City Royals",4.02926620467902,5.04862608897579,2.39711612508899,41.7185916200905
"Chicago White Sox","Kansas City Royals",3.72793805365818,2.43611046118111,2.95012936129293,32.6260890667854
"Cincinnati Reds","Kansas City Royals",4.93851614724744,1.94580338681898,2.60392446953025,38.0724315134718
"Cleveland Guardians","Kansas City Royals",3.8855822152388,2.77353054547918,2.92258918919469,34.5566741170651
"Colorado Rockies","Kansas City Royals",2.77511356098002,3.18746532624257,4.69698138194176,30.9100587265496
"Detroit Tigers","Kansas City Royals",2.89954271638972,2.25695803897458,1.10325211913897,25.271382534401
"Houston Astros","Kansas City Royals",3.9977211986577,5.6544040504715,2.70497020965942,43.6545095530201
"Kansas City Royals","Kansas City Royals",0,0,0,0
"Los Angeles Angels","Kansas City Royals",5.50176828619016,2.22221435933635,2.73391188049177,42.4111646756418
"Los Angeles Dodgers","Kansas City Royals",4.64236310052532,2.56747417447582,1.68717534452986,37.2437764711093
"Miami Marlins","Kansas City Royals",2.43896541876025,2.11174175314007,1.26192645655451,22.2309442285362
"Milwaukee Brewers","Kansas City Royals",5.93473589047764,2.78460222878696,1.64805516591987,45.6102771951466
"Minnesota Twins","Kansas City Royals",3.50847187775575,3.13374970845319,2.13613637517271,32.5882167670668
"New York Mets","Kansas City Royals",5.71945098235016,1.87681782873734,1.98202969288324,41.9291890731962
"New York Yankees","Kansas City Royals",5.68466423650238,2.67376269931271,2.32580486767837,44.4550783846308
"Oakland Athletics","Kansas City Royals",4.3991566465697,2.63498800906549,2.36786465284814,36.6677685594628
"Philadelphia Phillies","Kansas City Royals",3.69982902197197,3.1343154168092,3.136834404099,34.7387547863584
"Pittsburgh Pirates","Kansas City Royals",2.48382761124772,3.23009608100776,1.62608767332928,26.2193415838389
"San Diego Padres","Kansas City Royals",5.09877930988699,2.49393429694175,1.91642889716407,39.9909076473113
"San Francisco Giants","Kansas City Royals",3.17784920785688,4.26751663634275,1.94781867167818,33.8174638278477
"Seattle Mariners","Kansas City Royals",6.02431001742006,2.49000016252746,2.90679553324508,46.5226561253479
"St. Louis Cardinals","Kansas City Royals",2.97536695405643,1.85210922190199,1.48698999429475,24.8955193843393
"Tampa Bay Rays","Kansas City Royals",4.80005069585079,2.40351169502991,2.32183287491964,38.3326721351141
"Texas Rangers","Kansas City Royals",4.6010038364302,1.36302321678687,1.83319162427538,33.5282842932172
"Toronto Blue Jays","Kansas City Royals",5.51267172620311,1.70710651203375,2.10039676005654,40.2977466533764
"Washington Nationals","Kansas City Royals",4.1351622749424,1.89490501903887,2.27240915437641,32.7680978611474
"Arizona Diamondbacks","Los Angeles Angels",4.20475838937455,4.53298564703679,1.9518051113562,40.7793123887139
"Atlanta Braves","Los Angeles Angels",3.45979565336353,1.03726577381718,1.08729809746458,24.9578693390973
"Baltimore Orioles","Los Angeles Angels",3.24962986694743,2.25431795996439,0.336658159283918,26.5973912408617
"Boston Red Sox","Los Angeles Angels",3.40729769147358,8.53667621932286,0.301819203521629,46.3556340103317
"Chicago Cubs","Los Angeles Angels",2.74017620090393,4.83672959156229,0.539601412109494,31.4908473922199
"Chicago White Sox","Los Angeles Angels",2.98100761033692,2.5805520968536,0.572964277248847,26.2006662298312
"Cincinnati Reds","Los Angeles Angels",3.23170242510682,2.64469666311832,0.41830500011763,27.7426095401135
"Cleveland Guardians","Los Angeles Angels",2.94461934043917,3.63906357891858,0.615871812991756,29.2007785923825
"Colorado Rockies","Los Angeles Angels",6.24520635798404,3.08663298319357,6.12560404878883,52.8567411462738
"Detroit Tigers","Los Angeles Angels",3.27426616892803,3.51366187182229,1.63143840145312,31.8180210304882
"Houston Astros","Los Angeles Angels",1.90625322271625,6.78187221521993,0.13280282025161,31.9159388022089
"Kansas City Royals","Los Angeles Angels",5.50176828619016,2.22221435933635,2.73391188049177,42.4111646756418
"Los Angeles Angels","Los Angeles Angels",0,0,0,0
"Los Angeles Dodgers","Los Angeles Angels",2.00638990369593,2.96877207322335,1.05527107177888,21.9999267136245
"Miami Marlins","Los Angeles Angels",3.17700979861932,3.16423279804312,1.76410571785167,30.318862903697
"Milwaukee Brewers","Los Angeles Angels",2.80398503164066,3.10032950769034,1.11156193935502,27.23646065227
"Minnesota Twins","Los Angeles Angels",2.63013058309773,1.56112944990676,0.869947447115023,21.3341192954217
"New York Mets","Los Angeles Angels",3.76215591044921,2.7139111245192,0.880957241889961,31.5956260781428
"New York Yankees","Los Angeles Angels",2.00618284101077,2.92152738100864,0.478611045599764,21.2802902346903
"Oakland Athletics","Los Angeles Angels",2.69890420519518,2.70493576711599,0.472930293228249,24.7811628257473
"Philadelphia Phillies","Los Angeles Angels",2.65200157968171,2.65274439349085,0.403934701999865,24.2741773605627
"Pittsburgh Pirates","Los Angeles Angels",3.78640265631843,1.55229925768243,1.2109389391245,28.5862526500824
"San Diego Padres","Los Angeles Angels",1.81170162159011,2.10663751444113,0.944587970382554,18.1347102432466
"San Francisco Giants","Los Angeles Angels",4.02566909968759,3.35904407842666,0.926659247777981,35.1578060811835
"Seattle Mariners","Los Angeles Angels",2.06400456449484,3.1041107225243,0.202834308720885,21.8991938632629
"St. Louis Cardinals","Los Angeles Angels",3.35973954504157,2.30765126178192,1.24706996889426,28.3284610244894
"Tampa Bay Rays","Los Angeles Angels",1.42482163964064,2.64636336542474,0.511113771734728,16.9991337058528
"Texas Rangers","Los Angeles Angels",1.92304565045765,2.26988858786148,0.92717920674003,19.2751188730704
"Toronto Blue Jays","Los Angeles Angels",2.32296407364077,2.1929793477316,0.636101299236605,21.152823784276
"Washington Nationals","Los Angeles Angels",2.30199106041866,2.35075640120616,0.548503509227606,21.412719075358
"Arizona Diamondbacks","Los Angeles Dodgers",3.64320206820114,4.42569011050367,0.926353287485741,36.0626360282036
"Atlanta Braves","Los Angeles Dodgers",3.91603247812383,2.52088394135376,0.661409878429636,31.7202565712339
"Baltimore Orioles","Los Angeles Dodgers",1.86903342698489,3.55682044369231,0.847342576375896,22.7320044693622
"Boston Red Sox","Los Angeles Dodgers",3.13987710058099,7.78199377537593,1.35585872755095,43.5411026571647
"Chicago Cubs","Los Angeles Dodgers",2.33177567651367,4.90701837409514,0.739234414444072,29.4509435958115
"Chicago White Sox","Los Angeles Dodgers",1.6134883955571,1.6320883202359,1.2932098376126,15.8704051716629
"Cincinnati Reds","Los Angeles Dodgers",3.21434367653805,2.15645585979934,0.934608777135412,26.6900384157618
"Cleveland Guardians","Los Angeles Dodgers",2.65098394241659,3.37652544766473,1.27683637324491,27.3123163707386
"Colorado Rockies","Los Angeles Dodgers",5.84026033057845,4.60564609030339,5.37482417326982,54.2333244276507
"Detroit Tigers","Los Angeles Dodgers",2.61134054405347,3.88548730373971,0.585693513273658,27.9101986888136
"Houston Astros","Los Angeles Dodgers",2.13723551586041,7.02216054776805,1.04456332755281,34.9344580660194
"Kansas City Royals","Los Angeles Dodgers",4.64236310052532,2.56747417447582,1.68717534452986,37.2437764711093
"Los Angeles Angels","Los Angeles Dodgers",2.00638990369593,2.96877207322335,1.05527107177888,21.9999267136245
"Los Angeles Dodgers","Los Angeles Dodgers",0,0,0,0
"Miami Marlins","Los Angeles Dodgers",2.90698773663019,3.39299628154498,0.951561446893384,28.5724767113094
"Milwaukee Brewers","Los Angeles Dodgers",3.96375557235357,2.40961040504985,0.0915625090630991,31.1029271583341
"Minnesota Twins","Los Angeles Dodgers",2.87493410339651,3.87754216081107,0.587475738169541,29.4697068409818
"New York Mets","Los Angeles Dodgers",4.34293114382337,2.25469526056332,0.558189145693572,33.3798617903238
"New York Yankees","Los Angeles Dodgers",2.01675736327521,3.05656661729412,0.714187109777794,21.9844311413114
"Oakland Athletics","Los Angeles Dodgers",3.03969827181661,1.76001715550976,0.76982055484627,24.2880616522752
"Philadelphia Phillies","Los Angeles Dodgers",2.32451958156802,2.83958598150676,1.45912184810976,23.9249972820381
"Pittsburgh Pirates","Los Angeles Dodgers",2.86533225020628,3.58450517555538,0.287897219678374,28.2334062475822
"San Diego Padres","Los Angeles Dodgers",1.24596341761898,1.50652399309149,0.534767029005137,12.5301195139935
"San Francisco Giants","Los Angeles Dodgers",3.2327277582036,4.67957387129147,0.561803751131591,33.9968919142276
"Seattle Mariners","Los Angeles Dodgers",2.45896671415903,2.37011830812469,1.23954896277246,23.1037041721007
"St. Louis Cardinals","Los Angeles Dodgers",1.94642132847423,1.44036514925119,0.230304548573633,16.2299279671726
"Tampa Bay Rays","Los Angeles Dodgers",2.35735496369623,2.76252169282215,0.729961734790215,23.161656595434
"Texas Rangers","Los Angeles Dodgers",2.54997811136523,1.94982539118635,0.159080416820004,21.3084252585704
"Toronto Blue Jays","Los Angeles Dodgers",1.71533324573141,1.24842133783071,0.443982407231603,14.4812458951122
"Washington Nationals","Los Angeles Dodgers",0.998642159298621,2.10611749788128,0.684307161866783,12.9945126113023
"Arizona Diamondbacks","Miami Marlins",2.16385489270025,3.02555719792528,1.16886832738447,23.2286692773618
"Atlanta Braves","Miami Marlins",3.06194805593471,2.89315618686229,1.59449409111641,28.6456509873115
"Baltimore Orioles","Miami Marlins",3.61632416611542,4.11538234576976,1.44624432835167,35.4903363623534
"Boston Red Sox","Miami Marlins",2.75545396307565,8.10144754152762,2.02447670267238,42.8615431057091
"Chicago Cubs","Miami Marlins",2.53689372054889,4.32938125611981,1.64011571517167,29.8496218068244
"Chicago White Sox","Miami Marlins",2.45834132474752,3.21437149426241,2.16379278928992,26.5569552205623
"Cincinnati Reds","Miami Marlins",3.44190125060628,3.21214219308513,1.80491063678611,32.0927447196792
"Cleveland Guardians","Miami Marlins",2.40514908115425,3.699748594198,2.16194415243528,27.6920844219548
"Colorado Rockies","Miami Marlins",3.73227916136394,3.0743937865885,5.70330968091035,37.3201660088595
"Detroit Tigers","Miami Marlins",1.69041208175434,2.62347892486853,0.669692708070446,18.6826019732021
"Houston Astros","Miami Marlins",1.72515574827739,6.63739307241021,1.69116743771931,31.9542811446143
"Kansas City Royals","Miami Marlins",2.43896541876025,2.11174175314007,1.26192645655451,22.2309442285362
"Los Angeles Angels","Miami Marlins",3.17700979861932,3.16423279804312,1.76410571785167,30.318862903697
"Los Angeles Dodgers","Miami Marlins",2.90698773663019,3.39299628154498,0.951561446893384,28.5724767113094
"Miami Marlins","Miami Marlins",0,0,0,0
"Milwaukee Brewers","Miami Marlins",3.94680327632328,2.76167658318146,0.988117278913593,32.9539666863976
"Minnesota Twins","Miami Marlins",1.56012905416209,3.54854979270509,1.53891159463332,21.5453352977211
"New York Mets","Miami Marlins",4.03243283798105,2.85555192237913,0.889864457726539,33.6511172527502
"New York Yankees","Miami Marlins",3.66709548090198,4.31029482405941,1.29122376605407,36.2246811236442
"Oakland Athletics","Miami Marlins",2.38851075532606,3.58229373382937,1.31257197437409,26.3905177078186
"Philadelphia Phillies","Miami Marlins",2.00613306650584,4.1622995765685,2.13570216573947,26.65939929448
"Pittsburgh Pirates","Miami Marlins",1.72383844055309,4.00816351708784,1.12593272521865,23.4934539198007
"San Diego Padres","Miami Marlins",3.21956789358208,3.38902880032436,0.823245055303013,30.3077388177686
"San Francisco Giants","Miami Marlins",2.50966757201531,4.61893524304857,0.845440623249107,29.7602517844867
"Seattle Mariners","Miami Marlins",4.03846900890442,3.5039180021447,1.89096197266889,36.6335300325295
"St. Louis Cardinals","Miami Marlins",2.0214751529085,2.50928245004477,0.739525782649885,20.3962240502352
"Tampa Bay Rays","Miami Marlins",2.5177824623349,3.88893761971743,1.26806841741701,28.0415760505787
"Texas Rangers","Miami Marlins",2.42132091733118,2.8813468375005,1.09946864483723,24.2714346613258
"Toronto Blue Jays","Miami Marlins",3.71679697394611,2.92664592611012,1.16900622790534,32.2497258499124
"Washington Nationals","Miami Marlins",2.51333358900767,2.03970167202986,1.22386323675501,22.4229697868906
"Arizona Diamondbacks","Milwaukee Brewers",5.10741747668307,4.43289106118758,0.852035133482245,44.7952131771434
"Atlanta Braves","Milwaukee Brewers",2.57721256109196,2.90227790807973,0.60840169457312,24.7785107853641
"Baltimore Orioles","Milwaukee Brewers",4.60199282642453,3.85102487755786,0.921308374638563,40.0863399658593
"Boston Red Sox","Milwaukee Brewers",4.49623167611822,8.41089899777674,1.41322924170344,53.623316291743
"Chicago Cubs","Milwaukee Brewers",3.07743307804419,2.94304777780746,0.756387891258552,28.0501296929461
"Chicago White Sox","Milwaukee Brewers",3.92674963611711,1.91026138935737,1.31255186285238,30.6038338476271
"Cincinnati Reds","Milwaukee Brewers",2.37578355030033,2.73946867397043,0.95895863199696,23.4320659557102
"Cleveland Guardians","Milwaukee Brewers",2.92105809132485,3.52772220841085,1.29172840400568,29.4012435771873
"Colorado Rockies","Milwaukee Brewers",6.07452274728906,3.00146391029462,5.28369467373169,50.7352228883499
"Detroit Tigers","Milwaukee Brewers",3.63606794104767,3.23640503015112,0.556174778721981,32.0817975154614
"Houston Astros","Milwaukee Brewers",2.87117456129754,6.77334009969556,1.10928417051279,38.6563518373847
"Kansas City Royals","Milwaukee Brewers",5.93473589047764,2.78460222878696,1.64805516591987,45.6102771951466
"Los Angeles Angels","Milwaukee Brewers",2.80398503164066,3.10032950769034,1.11156193935502,27.23646065227
"Los Angeles Dodgers","Milwaukee Brewers",3.96375557235357,2.40961040504985,0.0915625090630991,31.1029271583341
"Miami Marlins","Milwaukee Brewers",3.94680327632328,2.76167658318146,0.988117278913593,32.9539666863976
"Milwaukee Brewers","Milwaukee Brewers",0,0,0,0
"Minnesota Twins","Milwaukee Brewers",2.90958147426909,3.40178711280894,0.563528846984594,28.2263790310259
"New York Mets","Milwaukee Brewers",2.43464373224734,2.14567261640659,0.649672709677838,21.6945529523817
"New York Yankees","Milwaukee Brewers",3.41511990877291,4.38250489501566,0.793549707641844,34.4317838453263
"Oakland Athletics","Milwaukee Brewers",3.86963181562596,2.27499237663822,0.850456762268538,30.8932247859389
"Philadelphia Phillies","Milwaukee Brewers",2.94107958027464,2.82190496436759,1.51427939782227,27.6264717725729
"Pittsburgh Pirates","Milwaukee Brewers",4.28898136040982,4.2395164630693,0.198217592384584,38.6506551440514
"San Diego Padres","Milwaukee Brewers",3.06580197647055,2.84423560728115,0.625303519422725,27.5528222000894
"San Francisco Giants","Milwaukee Brewers",5.58155538194411,4.94704535667732,0.652738391887415,48.983206753584
"Seattle Mariners","Milwaukee Brewers",2.85900648071959,2.70967026195373,1.30058571163287,26.5836353818116
"St. Louis Cardinals","Milwaukee Brewers",4.37748409383432,1.33622613376186,0.249215078408676,30.5227980427002
"Tampa Bay Rays","Milwaukee Brewers",3.03515375659328,3.7829989730158,0.81191661738528,30.3718360759924
"Texas Rangers","Milwaukee Brewers",2.46980615353591,2.60841058133806,0.186672861279585,22.8307415265092
"Toronto Blue Jays","Milwaukee Brewers",4.25762718872857,2.35783399432549,0.518152028684496,33.1374171440324
"Washington Nationals","Milwaukee Brewers",3.78839064992275,1.75382659422417,0.767341461284162,28.7591651434932
"Arizona Diamondbacks","Minnesota Twins",2.59057978267094,5.0020092464064,1.21505967766952,31.7645661129144
"Atlanta Braves","Minnesota Twins",2.31835957254047,1.70105241087711,0.220244328518208,19.2335589963924
"Baltimore Orioles","Minnesota Twins",3.52845420022707,1.70674915490224,0.865523593358482,27.1564962594276
"Boston Red Sox","Minnesota Twins",2.0937175438345,8.40379828599854,1.14532212373724,38.9190222447399
"Chicago Cubs","Minnesota Twins",2.4054434490999,4.21309391481526,0.341567748154599,27.4135101871998
"Chicago White Sox","Minnesota Twins",2.58682819846076,2.94900373596098,0.835577523875276,25.2035579225228
"Cincinnati Reds","Minnesota Twins",2.93430579259234,3.10426475489794,0.538466080666259,27.4570951009141
"Cleveland Guardians","Minnesota Twins",1.59691284690672,3.74780827763737,0.798158529959785,21.6230604443122
"Colorado Rockies","Minnesota Twins",4.2198233648558,3.2012189236553,5.26372729382506,40.1863242539257
"Detroit Tigers","Minnesota Twins",2.09058371290984,3.70658929429986,1.09293597396176,24.7562061343204
"Houston Astros","Minnesota Twins",1.6731375164041,6.79703290002769,0.935023894753144,31.3649476932608
"Kansas City Royals","Minnesota Twins",3.50847187775575,3.13374970845319,2.13613637517271,32.5882167670668
"Los Angeles Angels","Minnesota Twins",2.63013058309773,1.56112944990676,0.869947447115023,21.3341192954217
"Los Angeles Dodgers","Minnesota Twins",2.87493410339651,3.87754216081107,0.587475738169541,29.4697068409818
"Miami Marlins","Minnesota Twins",1.56012905416209,3.54854979270509,1.53891159463332,21.5453352977211
"Milwaukee Brewers","Minnesota Twins",2.90958147426909,3.40178711280894,0.563528846984594,28.2263790310259
"Minnesota Twins","Minnesota Twins",0,0,0,0
"New York Mets","Minnesota Twins",3.80026722378287,3.06208443688062,0.950426326874268,32.9382829802134
"New York Yankees","Minnesota Twins",3.32850247621137,3.77179004171511,0.823499292280352,32.1098842746939
"Oakland Athletics","Minnesota Twins",2.80365811782714,3.12856301680939,0.880647559398074,27.0882853167891
"Philadelphia Phillies","Minnesota Twins",2.15600531509166,2.65418311101496,1.22240329007653,22.1209845136714
"Pittsburgh Pirates","Minnesota Twins",2.21540693051355,2.00193128440062,0.51307455976006,19.8113099960432
"San Diego Padres","Minnesota Twins",2.92200849942917,2.84326261259085,0.966378822622128,27.0282176569697
"San Francisco Giants","Minnesota Twins",3.10562094750351,2.57973168112463,0.978749268877119,27.3516699972721
"Seattle Mariners","Minnesota Twins",3.34193069103949,3.3779097004162,1.07158364328864,31.2568968907742
"St. Louis Cardinals","Minnesota Twins",2.65869447145231,2.94787602244557,0.809101718482095,25.6048966145326
"Tampa Bay Rays","Minnesota Twins",2.08841627179515,3.32136425372765,0.86652499403097,23.3611153859848
"Texas Rangers","Minnesota Twins",1.79156976187127,2.99088284147472,0.443715469589931,20.1657825652417
"Toronto Blue Jays","Minnesota Twins",3.32073743642259,3.02974029371482,0.605222854838925,29.6188683545189
"Washington Nationals","Minnesota Twins",2.74076452050949,2.87066565346879,0.846032638186889,25.9026167216502
"Arizona Diamondbacks","New York Mets",5.77153326398172,4.15168716610528,1.41412169535105,48.4983827775572
"Atlanta Braves","New York Mets",3.9385590760886,2.5098790198974,1.1116854159109,32.2726769321347
"Baltimore Orioles","New York Mets",5.2089137426912,2.90828196154352,0.556722967694197,40.5350513084719
"Boston Red Sox","New York Mets",5.70363037126609,7.47648041989447,1.13463974285659,57.7858632301366
"Chicago Cubs","New York Mets",3.64572671721347,4.20249680436269,0.888548564600279,35.3703992809692
"Chicago White Sox","New York Mets",3.92001100757452,1.27552561833946,1.33854950826519,28.6851924087307
"Cincinnati Reds","New York Mets",2.26695508250922,1.34030370508987,1.0004523778659,18.6230939881908
"Cleveland Guardians","New York Mets",3.64785542559251,2.29754491696346,1.35030033955387,30.1300676439993
"Colorado Rockies","New York Mets",6.23985095376113,3.61797028090528,5.92797395420037,54.220990519483
"Detroit Tigers","New York Mets",3.74602382214274,2.15652884534041,0.940218398810325,29.885947867688
"Houston Astros","New York Mets",2.95520674387078,5.166992246501,0.801774777385925,34.0339919801136
"Kansas City Royals","New York Mets",5.71945098235016,1.87681782873734,1.98202969288324,41.9291890731962
"Los Angeles Angels","New York Mets",3.76215591044921,2.7139111245192,0.880957241889961,31.5956260781428
"Los Angeles Dodgers","New York Mets",4.34293114382337,2.25469526056332,0.558189145693572,33.3798617903238
"Miami Marlins","New York Mets",4.03243283798105,2.85555192237913,0.889864457726539,33.6511172527502
"Milwaukee Brewers","New York Mets",2.43464373224734,2.14567261640659,0.649672709677838,21.6945529523817
"Minnesota Twins","New York Mets",3.80026722378287,3.06208443688062,0.950426326874268,32.9382829802134
"New York Mets","New York Mets",0,0,0,0
"New York Yankees","New York Mets",3.41904286868748,2.89917906649765,0.403394574933087,29.6151889865509
"Oakland Athletics","New York Mets",3.77996517382446,1.45738174699333,0.422753615382123,27.4746898993089
"Philadelphia Phillies","New York Mets",2.77732491526684,2.09061615940625,1.24585732685146,24.1816552966713
"Pittsburgh Pirates","New York Mets",4.10406472272454,3.63552534959036,0.844643933578424,36.3756083186967
"San Diego Padres","New York Mets",3.38778519335687,2.36366079750098,0.0682090970814012,27.4859026497256
"San Francisco Giants","New York Mets",6.11253462471353,4.05337051843383,0.0457926809368864,48.8811119845196
"Seattle Mariners","New York Mets",3.79523685373487,1.79931909889693,1.00109751494236,29.1704759340423
"St. Louis Cardinals","New York Mets",4.21030332132316,1.49971350181045,0.590706098599539,30.3516665319698
"Tampa Bay Rays","New York Mets",3.93184787759613,2.3816904563274,0.378231170012911,31.1143898045719
"Texas Rangers","New York Mets",2.83868873918561,1.01070996293174,0.581194178001443,20.6454565019103
"Toronto Blue Jays","New York Mets",4.8788100977421,1.56807633394445,0.373087782616656,34.3501773709026
"Washington Nationals","New York Mets",3.95562726740014,1.78408725769075,0.334796063763883,29.420821441237
"Arizona Diamondbacks","New York Yankees",4.98433113353745,4.81168960514411,1.64020047449472,45.9812560911517
"Atlanta Braves","New York Yankees",4.52888333760114,2.89441635488223,1.03068559990858,36.8872346901621
"Baltimore Orioles","New York Yankees",3.36539797751054,3.38279909141116,0.157538936133881,30.4983240754306
"Boston Red Sox","New York Yankees",4.17102618581959,7.26482837939096,0.735061300010383,47.5557035531008
"Chicago Cubs","New York Yankees",3.35775599095284,6.41809167504406,0.625782945797646,40.0265939166469
"Chicago White Sox","New York Yankees",2.49895337453151,2.83913122732125,0.973848027693314,24.4849619568462
"Cincinnati Reds","New York Yankees",2.97969365262942,2.10596150111024,0.670055769824236,24.8661021889315
"Cleveland Guardians","New York Yankees",2.9910689921568,3.04625767217017,0.995825675830345,28.0810126452816
"Colorado Rockies","New York Yankees",6.89873989486347,5.14477698438564,6.0240260986197,62.8507964209575
"Detroit Tigers","New York Yankees",3.57177249121222,4.03980102870932,1.23966161652372,34.789699649925
"Houston Astros","New York Yankees",2.11144147299948,5.71764841385349,0.40058547184387,30.2221795514012
"Kansas City Royals","New York Yankees",5.68466423650238,2.67376269931271,2.32580486767837,44.4550783846308
"Los Angeles Angels","New York Yankees",2.00618284101077,2.92152738100864,0.478611045599764,21.2802902346903
"Los Angeles Dodgers","New York Yankees",2.01675736327521,3.05656661729412,0.714187109777794,21.9844311413114
"Miami Marlins","New York Yankees",3.66709548090198,4.31029482405941,1.29122376605407,36.2246811236442
"Milwaukee Brewers","New York Yankees",3.41511990877291,4.38250489501566,0.793549707641844,34.4317838453263
"Minnesota Twins","New York Yankees",3.32850247621137,3.77179004171511,0.823499292280352,32.1098842746939
"New York Mets","New York Yankees",3.41904286868748,2.89917906649765,0.403394574933087,29.6151889865509
"New York Yankees","New York Yankees",0,0,0,0
"Oakland Athletics","New York Yankees",3.06738823723375,2.6842155967422,0.0605583911114935,26.5175346047406
"Philadelphia Phillies","New York Yankees",2.85236437606933,2.92991736537283,0.846220850792692,26.7501592033271
"Pittsburgh Pirates","New York Yankees",3.46891952117793,2.91869647596984,0.949603510575668,30.5192100655527
"San Diego Padres","New York Yankees",1.5660028782313,2.62960234868711,0.468462862705801,17.753287178155
"San Francisco Giants","New York Yankees",4.65581671229763,4.42877868121292,0.448902774890769,41.6701390923153
"Seattle Mariners","New York Yankees",2.12832476886678,2.63339479498774,0.602632914774989,21.2727659129389
"St. Louis Cardinals","New York Yankees",3.15867868761455,3.17475472607491,0.855217805962262,29.3315541098743
"Tampa Bay Rays","New York Yankees",2.61199423946071,1.69359751757243,0.0487039591193992,20.8014619486009
"Texas Rangers","New York Yankees",2.03698125856834,2.01487982754144,0.639053448644718,18.9055804826791
"Toronto Blue Jays","New York Yankees",1.88711854427742,2.3265446599359,0.280148376747523,18.5824936222198
"Washington Nationals","New York Yankees",2.52544180711697,3.15071007388268,0.0701676311744095,24.6749486955243
"Arizona Diamondbacks","Oakland Athletics",3.4513600221529,4.32947621997342,1.69504381086325,35.3916326037009
"Atlanta Braves","Oakland Athletics",3.66695216186569,2.48463561495799,1.08919972953663,30.5448195456047
"Baltimore Orioles","Oakland Athletics",3.63627056559672,2.81300451069608,0.137378042810659,30.3940149684792
"Boston Red Sox","Oakland Athletics",3.70308054843118,7.14474014773899,0.712158498996108,44.3648622328002
"Chicago Cubs","Oakland Athletics",2.93729927890183,4.13662366538033,0.671760249586475,30.7054269191384
"Chicago White Sox","Oakland Athletics",2.88321441824745,0.55946874928607,0.991610776807266,19.9693035341502
"Cincinnati Reds","Oakland Athletics",4.17279788193783,1.25152836656399,0.70171427384222,29.4930866651611
"Cleveland Guardians","Oakland Athletics",2.95119047433305,2.37731692249761,1.01717621859503,25.8562698320862
"Colorado Rockies","Oakland Athletics",5.97778082163836,4.27448051812821,6.08457474098398,54.7747012251988
"Detroit Tigers","Oakland Athletics",2.61352267077032,3.54981099371836,1.28663441679066,27.6172034225677
"Houston Astros","Oakland Athletics",1.71363436334709,5.88598230121426,0.380918705890769,28.3206717896161
"Kansas City Royals","Oakland Athletics",4.3991566465697,2.63498800906549,2.36786465284814,36.6677685594628
"Los Angeles Angels","Oakland Athletics",2.69890420519518,2.70493576711599,0.472930293228249,24.7811628257473
"Los Angeles Dodgers","Oakland Athletics",3.03969827181661,1.76001715550976,0.76982055484627,24.2880616522752
"Miami Marlins","Oakland Athletics",2.38851075532606,3.58229373382937,1.31257197437409,26.3905177078186
"Milwaukee Brewers","Oakland Athletics",3.86963181562596,2.27499237663822,0.850456762268538,30.8932247859389
"Minnesota Twins","Oakland Athletics",2.80365811782714,3.12856301680939,0.880647559398074,27.0882853167891
"New York Mets","Oakland Athletics",3.77996517382446,1.45738174699333,0.422753615382123,27.4746898993089
"New York Yankees","Oakland Athletics",3.06738823723375,2.6842155967422,0.0605583911114935,26.5175346047406
"Oakland Athletics","Oakland Athletics",0,0,0,0
"Philadelphia Phillies","Oakland Athletics",2.9748368212118,1.26717197180972,0.823330558387308,22.4738674010872
"Pittsburgh Pirates","Oakland Athletics",2.928164202092,3.27330961290393,1.00877711018589,28.3976911614497
"San Diego Padres","Oakland Athletics",2.98498495246571,1.97197917926168,0.489904647659723,24.3157519002391
"San Francisco Giants","Oakland Athletics",3.21968478058589,4.19204843966829,0.467190141031544,32.3614441435518
"Seattle Mariners","Oakland Athletics",3.12117648780375,1.44205093574165,0.578461590202957,23.6316733242504
"St. Louis Cardinals","Oakland Athletics",2.98376007859281,1.4878808329661,0.903960910631834,23.270163881087
"Tampa Bay Rays","Oakland Athletics",1.68555700808826,2.06467993335848,0.0463529031992658,16.3537347518043
"Texas Rangers","Oakland Athletics",2.80471313295104,1.48360673665258,0.698341946797318,21.9774409544613
"Toronto Blue Jays","Oakland Athletics",3.15924385844159,1.30295565798746,0.339577033241518,23.2039071578535
"Washington Nationals","Oakland Athletics",2.9540662061664,1.76527201119644,0.0954985467727008,23.1157118173604
"Arizona Diamondbacks","Philadelphia Phillies",3.56636897497421,4.99827824708072,2.34992273306471,38.7429713241521
"Atlanta Braves","Philadelphia Phillies",2.83349405155014,2.62302009299445,1.42974127362261,26.2997658619068
"Baltimore Orioles","Philadelphia Phillies",3.25834900654416,2.44191177002026,0.689788691581706,27.5656180409075
"Boston Red Sox","Philadelphia Phillies",3.71392128623885,7.12626142719455,0.111238330826308,43.773550329843
"Chicago Cubs","Philadelphia Phillies",1.75027185540652,3.99992369664799,0.880857033395607,23.3822592557787
"Chicago White Sox","Philadelphia Phillies",2.01369981704299,1.50380737281209,0.62638049916773,17.220001519862
"Cincinnati Reds","Philadelphia Phillies",1.7317899866237,1.6929311413614,0.699880261525509,16.1694136053519
"Cleveland Guardians","Philadelphia Phillies",2.30557338872336,2.36105609137025,0.691388399918313,21.6079970063692
"Colorado Rockies","Philadelphia Phillies",4.34715683014409,4.24914764007049,6.4295006813111,45.2598845823871
"Detroit Tigers","Philadelphia Phillies",1.70745005061674,3.95910055847636,2.0348613040579,24.1568632831874
"Houston Astros","Philadelphia Phillies",1.63848614510164,5.74045520415476,0.445755488395635,27.4980379714697
"Kansas City Royals","Philadelphia Phillies",3.69982902197197,3.1343154168092,3.136834404099,34.7387547863584
"Los Angeles Angels","Philadelphia Phillies",2.65200157968171,2.65274439349085,0.403934701999865,24.2741773605627
"Los Angeles Dodgers","Philadelphia Phillies",2.32451958156802,2.83958598150676,1.45912184810976,23.9249972820381
"Miami Marlins","Philadelphia Phillies",2.00613306650584,4.1622995765685,2.13570216573947,26.65939929448
"Milwaukee Brewers","Philadelphia Phillies",2.94107958027464,2.82190496436759,1.51427939782227,27.6264717725729
"Minnesota Twins","Philadelphia Phillies",2.15600531509166,2.65418311101496,1.22240329007653,22.1209845136714
"New York Mets","Philadelphia Phillies",2.77732491526684,2.09061615940625,1.24585732685146,24.1816552966713
"New York Yankees","Philadelphia Phillies",2.85236437606933,2.92991736537283,0.846220850792692,26.7501592033271
"Oakland Athletics","Philadelphia Phillies",2.9748368212118,1.26717197180972,0.823330558387308,22.4738674010872
"Philadelphia Phillies","Philadelphia Phillies",0,0,0,0
"Pittsburgh Pirates","Philadelphia Phillies",2.3272850276052,3.07688323073806,1.60626798108168,24.8006278389271
"San Diego Padres","Philadelphia Phillies",2.03497769699635,2.56620407173506,1.31255409748112,21.2210324946644
"San Francisco Giants","Philadelphia Phillies",3.87075381261727,3.90528097308636,1.29048530383864,36.2308510988014
"Seattle Mariners","Philadelphia Phillies",3.26588457228082,1.69452619232873,0.24495232382986,24.923838334501
"St. Louis Cardinals","Philadelphia Phillies",1.88952489808419,2.24060188214278,1.64984448284121,19.7087995177747
"Tampa Bay Rays","Philadelphia Phillies",2.75364012982877,2.18550984384747,0.867634749117132,23.9460050596322
"Texas Rangers","Philadelphia Phillies",1.94467715586948,2.12377647088193,1.3291100000772,19.3685023479399
"Toronto Blue Jays","Philadelphia Phillies",3.56187893067996,2.08783072164324,1.03707422578289,28.6718399747924
"Washington Nationals","Philadelphia Phillies",1.62848106109672,2.39386755265654,0.912255763849804,17.8647447883998
"Arizona Diamondbacks","Pittsburgh Pirates",2.65639577129075,4.80082715451218,0.745169023606781,31.0860251148878
"Atlanta Braves","Pittsburgh Pirates",3.58519484799531,1.65691537296494,0.485762012565538,26.9676772194322
"Baltimore Orioles","Pittsburgh Pirates",3.15449917893324,2.08321479754809,1.06314704409668,26.2397865103404
"Boston Red Sox","Pittsburgh Pirates",2.9928458196128,8.0164222793701,1.51123863791917,43.5175803937063
"Chicago Cubs","Pittsburgh Pirates",2.65718496415124,5.54459967142331,0.782477896469664,33.359386695647
"Chicago White Sox","Pittsburgh Pirates",1.59226061035756,3.25849384401977,1.32775803861181,20.6568032328165
"Cincinnati Reds","Pittsburgh Pirates",3.3188757920976,3.14493868895805,0.992730954997976,30.3408017744577
"Cleveland Guardians","Pittsburgh Pirates",1.85950693662393,3.9357027751492,1.29761551081887,24.26176545601
"Colorado Rockies","Pittsburgh Pirates",4.39484403772492,4.46330595594392,5.09749739580137,44.8564794899826
"Detroit Tigers","Pittsburgh Pirates",1.60422130827693,4.62320024186634,0.58934912800627,24.0842777032669
"Houston Astros","Pittsburgh Pirates",2.17105073873926,7.30953786167558,1.22753047709654,36.1824484945588
"Kansas City Royals","Pittsburgh Pirates",2.48382761124772,3.23009608100776,1.62608767332928,26.2193415838389
"Los Angeles Angels","Pittsburgh Pirates",3.78640265631843,1.55229925768243,1.2109389391245,28.5862526500824
"Los Angeles Dodgers","Pittsburgh Pirates",2.86533225020628,3.58450517555538,0.287897219678374,28.2334062475822
"Miami Marlins","Pittsburgh Pirates",1.72383844055309,4.00816351708784,1.12593272521865,23.4934539198007
"Milwaukee Brewers","Pittsburgh Pirates",4.28898136040982,4.2395164630693,0.198217592384584,38.6506551440514
"Minnesota Twins","Pittsburgh Pirates",2.21540693051355,2.00193128440062,0.51307455976006,19.8113099960432
"New York Mets","Pittsburgh Pirates",4.10406472272454,3.63552534959036,0.844643933578424,36.3756083186967
"New York Yankees","Pittsburgh Pirates",3.46891952117793,2.91869647596984,0.949603510575668,30.5192100655527
"Oakland Athletics","Pittsburgh Pirates",2.928164202092,3.27330961290393,1.00877711018589,28.3976911614497
"Philadelphia Phillies","Pittsburgh Pirates",2.3272850276052,3.07688323073806,1.60626798108168,24.8006278389271
"Pittsburgh Pirates","Pittsburgh Pirates",0,0,0,0
"San Diego Padres","Pittsburgh Pirates",3.07223088839495,2.47470580990179,0.822660938689965,26.680163698765
"San Francisco Giants","Pittsburgh Pirates",2.86577250519478,2.9039171478397,0.849535264439272,26.7559217391271
"Seattle Mariners","Pittsburgh Pirates",3.86559953101671,3.54848755399003,1.40814485694273,35.2472047050131
"St. Louis Cardinals","Pittsburgh Pirates",1.42287217868949,3.28729814511598,0.400282824789934,18.7994103322748
"Tampa Bay Rays","Pittsburgh Pirates",3.17317499871966,2.70212729739356,0.97386361067211,28.1192954951708
"Texas Rangers","Pittsburgh Pirates",2.83017262259866,3.04599208294302,0.310589497273449,26.4296014816945
"Toronto Blue Jays","Pittsburgh Pirates",3.39808385890458,2.83888913818973,0.669466911746145,29.5746374797428
"Washington Nationals","Pittsburgh Pirates",2.61857762275301,3.14840481846561,0.932430497092294,26.0891106890072
"Arizona Diamondbacks","San Diego Padres",4.20574119986232,4.74614713109384,1.36552902110977,40.8384176135652
"Atlanta Braves","San Diego Padres",3.51717540039074,1.39022832687141,1.11752882769139,26.3912662106501
"Baltimore Orioles","San Diego Padres",2.22099687357925,2.46191197895982,0.62299928713908,21.3347164654941
"Boston Red Sox","San Diego Padres",3.71212156071139,7.90032039311243,1.20131897116461,47.1750095147702
"Chicago Cubs","San Diego Padres",2.00989520392388,4.99845745510473,0.927076810305453,27.9818203991629
"Chicago White Sox","San Diego Padres",1.7403854852597,1.73892377718291,1.39136781791709,17.050452061024
"Cincinnati Reds","San Diego Padres",2.47203840945565,2.12241788169723,1.04852910720866,22.2480132090342
"Cleveland Guardians","San Diego Padres",2.39481745437162,3.41834653738606,1.40098605572834,26.0249303941162
"Colorado Rockies","San Diego Padres",6.13035243625526,4.36373023077247,5.89339825247931,55.7667035623283
"Detroit Tigers","San Diego Padres",2.58349912579058,3.75737538040557,0.882390066420469,27.6555109623806
"Houston Astros","San Diego Padres",1.97263962766252,7.16928463120421,0.867945026642326,34.2116366862301
"Kansas City Royals","San Diego Padres",5.09877930988699,2.49393429694175,1.91642889716407,39.9909076473113
"Los Angeles Angels","San Diego Padres",1.81170162159011,2.10663751444113,0.944587970382554,18.1347102432466
"Los Angeles Dodgers","San Diego Padres",1.24596341761898,1.50652399309149,0.534767029005137,12.5301195139935
"Miami Marlins","San Diego Padres",3.21956789358208,3.38902880032436,0.823245055303013,30.3077388177686
"Milwaukee Brewers","San Diego Padres",3.06580197647055,2.84423560728115,0.625303519422725,27.5528222000894
"Minnesota Twins","San Diego Padres",2.92200849942917,2.84326261259085,0.966378822622128,27.0282176569697
"New York Mets","San Diego Padres",3.38778519335687,2.36366079750098,0.0682090970814012,27.4859026497256
"New York Yankees","San Diego Padres",1.5660028782313,2.62960234868711,0.468462862705801,17.753287178155
"Oakland Athletics","San Diego Padres",2.98498495246571,1.97197917926168,0.489904647659723,24.3157519002391
"Philadelphia Phillies","San Diego Padres",2.03497769699635,2.56620407173506,1.31255409748112,21.2210324946644
"Pittsburgh Pirates","San Diego Padres",3.07223088839495,2.47470580990179,0.822660938689965,26.680163698765
"San Diego Padres","San Diego Padres",0,0,0,0
"San Francisco Giants","San Diego Padres",4.05271510997624,3.4857379657806,0.033399835920334,34.8069043931196
"Seattle Mariners","San Diego Padres",1.660752061467,2.40620780087182,1.06793018495511,18.2510659563726
"St. Louis Cardinals","San Diego Padres",2.35065207411459,1.73079616297671,0.543431099467805,19.8397320330855
"Tampa Bay Rays","San Diego Padres",2.31448416265027,2.59308841370156,0.445016600631667,22.1111868176379
"Texas Rangers","San Diego Padres",2.2732256517649,1.88665975636983,0.576245173815347,19.8755783535143
"Toronto Blue Jays","San Diego Padres",2.05418329909174,1.36239351602735,0.410585107493689,16.8228654501262
"Washington Nationals","San Diego Padres",1.37022760335756,2.25510296861918,0.4006498998627,15.3873244258656
"Arizona Diamondbacks","San Francisco Giants",1.32718325201277,5.95470327046769,1.3985055258172,27.2257148492969
"Atlanta Braves","San Francisco Giants",4.13022294964563,2.86309607581166,1.13442946498569,34.5050553902944
"Baltimore Orioles","San Francisco Giants",3.05101342026788,1.58005073364527,0.601721105730036,23.6479538282731
"Boston Red Sox","San Francisco Giants",2.23510197603313,7.72885862807675,1.17928979337505,37.7764775338041
"Chicago Cubs","San Francisco Giants",3.35855219967896,5.5497085262042,0.927778203621228,37.7282169803076
"Chicago White Sox","San Francisco Giants",3.09393831621113,4.04340232381551,1.38291713475852,32.0767540034718
"Cincinnati Reds","San Francisco Giants",5.31121698917842,3.93542546613126,1.04334450343564,44.7169228369
"Cleveland Guardians","San Francisco Giants",3.37294395067206,4.26098801915694,1.3940722074144,34.4146999689176
"Colorado Rockies","San Francisco Giants",4.94789084462901,5.37302809992797,5.92404160204529,51.7304709696032
"Detroit Tigers","San Francisco Giants",2.79395686620521,4.64669919846779,0.915741577947355,31.619580370582
"Houston Astros","San Francisco Giants",3.36447571116911,7.33199249848285,0.846775241887071,43.0296070043503
"Kansas City Royals","San Francisco Giants",3.17784920785688,4.26751663634275,1.94781867167818,33.8174638278477
"Los Angeles Angels","San Francisco Giants",4.02566909968759,3.35904407842666,0.926659247777981,35.1578060811835
"Los Angeles Dodgers","San Francisco Giants",3.2327277582036,4.67957387129147,0.561803751131591,33.9968919142276
"Miami Marlins","San Francisco Giants",2.50966757201531,4.61893524304857,0.845440623249107,29.7602517844867
"Milwaukee Brewers","San Francisco Giants",5.58155538194411,4.94704535667732,0.652738391887415,48.983206753584
"Minnesota Twins","San Francisco Giants",3.10562094750351,2.57973168112463,0.978749268877119,27.3516699972721
"New York Mets","San Francisco Giants",6.11253462471353,4.05337051843383,0.0457926809368864,48.8811119845196
"New York Yankees","San Francisco Giants",4.65581671229763,4.42877868121292,0.448902774890769,41.6701390923153
"Oakland Athletics","San Francisco Giants",3.21968478058589,4.19204843966829,0.467190141031544,32.3614441435518
"Philadelphia Phillies","San Francisco Giants",3.87075381261727,3.90528097308636,1.29048530383864,36.2308510988014
"Pittsburgh Pirates","San Francisco Giants",2.86577250519478,2.9039171478397,0.849535264439272,26.7559217391271
"San Diego Padres","San Francisco Giants",4.05271510997624,3.4857379657806,0.033399835920334,34.8069043931196
"San Francisco Giants","San Francisco Giants",0,0,0,0
"Seattle Mariners","San Francisco Giants",4.51982669358278,4.2010631793928,1.04564683989276,40.7677965395679
"St. Louis Cardinals","San Francisco Giants",2.73268352266906,4.23582006778659,0.576103296570715,29.6796646359449
"Tampa Bay Rays","San Francisco Giants",3.1282239305176,3.9367480669643,0.422997762818089,31.0025855468166
"Texas Rangers","San Francisco Giants",4.20943776364015,3.94400831753747,0.596989505439849,37.6856410398932
"Toronto Blue Jays","San Francisco Giants",3.61099655002503,3.946110912962,0.411300816427636,33.9156128554638
"Washington Nationals","San Francisco Giants",3.21650559831739,4.33291052191048,0.380087741060191,32.677852896696
"Arizona Diamondbacks","Seattle Mariners",4.64771073489417,4.63881153276814,2.14603130889657,43.948730316566
"Atlanta Braves","Seattle Mariners",3.52236448277054,2.72154086856357,1.28801940402703,30.586828906341
"Baltimore Orioles","Seattle Mariners",2.64555843715809,3.08278063397873,0.445629134595168,25.5673216594799
"Boston Red Sox","Seattle Mariners",3.85136700293098,6.3300869794482,0.13401038193456,42.232473337865
"Chicago Cubs","Seattle Mariners",2.63724668618705,4.29254874232514,0.73792767254331,29.439054016641
"Chicago White Sox","Seattle Mariners",2.74020807850395,1.41933050365304,0.658165718301243,21.3574057002841
"Cincinnati Reds","Seattle Mariners",3.40623640702544,0.818441038597393,0.595856664693786,23.4885982226386
"Cleveland Guardians","Seattle Mariners",2.57094839730636,1.41938793050338,0.713666861030119,20.3975210363784
"Colorado Rockies","Seattle Mariners",7.10981172311564,4.45398488033291,6.32247484410525,62.3432998237978
"Detroit Tigers","Seattle Mariners",3.32945451424847,3.56878778821215,1.80748736445012,32.4905778145774
"Houston Astros","Seattle Mariners",2.64437418102584,5.52338007231827,0.203776968762408,32.6401622718723
"Kansas City Royals","Seattle Mariners",6.02431001742006,2.49000016252746,2.90679553324508,46.5226561253479
"Los Angeles Angels","Seattle Mariners",2.06400456449484,3.1041107225243,0.202834308720885,21.8991938632629
"Los Angeles Dodgers","Seattle Mariners",2.45896671415903,2.37011830812469,1.23954896277246,23.1037041721007
"Miami Marlins","Seattle Mariners",4.03846900890442,3.5039180021447,1.89096197266889,36.6335300325295
"Milwaukee Brewers","Seattle Mariners",2.85900648071959,2.70967026195373,1.30058571163287,26.5836353818116
"Minnesota Twins","Seattle Mariners",3.34193069103949,3.3779097004162,1.07158364328864,31.2568968907742
"New York Mets","Seattle Mariners",3.79523685373487,1.79931909889693,1.00109751494236,29.1704759340423
"New York Yankees","Seattle Mariners",2.12832476886678,2.63339479498774,0.602632914774989,21.2727659129389
"Oakland Athletics","Seattle Mariners",3.12117648780375,1.44205093574165,0.578461590202957,23.6316733242504
"Philadelphia Phillies","Seattle Mariners",3.26588457228082,1.69452619232873,0.24495232382986,24.923838334501
"Pittsburgh Pirates","Seattle Mariners",3.86559953101671,3.54848755399003,1.40814485694273,35.2472047050131
"San Diego Padres","Seattle Mariners",1.660752061467,2.40620780087182,1.06793018495511,18.2510659563726
"San Francisco Giants","Seattle Mariners",4.51982669358278,4.2010631793928,1.04564683989276,40.7677965395679
"Seattle Mariners","Seattle Mariners",0,0,0,0
"St. Louis Cardinals","Seattle Mariners",3.53069925535263,1.83563075620622,1.42100695012221,28.1120947508566
"Tampa Bay Rays","Seattle Mariners",2.19736391022134,1.99916093144781,0.622928663425733,19.8045949190972
"Texas Rangers","Seattle Mariners",2.92191964400745,1.63083139083926,1.11843587086609,23.5424479074286
"Toronto Blue Jays","Seattle Mariners",2.07132272522525,1.54808234008665,0.8071109740708,17.8792943456823
"Washington Nationals","Seattle Mariners",2.79379079288733,1.98601919802746,0.667947464840145,23.3887498162465
"Arizona Diamondbacks","St. Louis Cardinals",2.79754361729595,4.11519469284791,0.823417116266732,29.9542628985861
"Atlanta Braves","St. Louis Cardinals",3.64875669733925,1.96000574353101,0.855214692975366,28.6277721076039
"Baltimore Orioles","St. Louis Cardinals",2.28121178960595,3.08596956475307,1.00288191731689,23.9480613492118
"Boston Red Sox","St. Louis Cardinals",3.23131179648938,7.75006399978454,1.54335382267164,44.1814166009615
"Chicago Cubs","St. Louis Cardinals",2.05671220052715,3.8366855969812,0.967715785641022,24.8180457797475
"Chicago White Sox","St. Louis Cardinals",0.978676006664542,1.11152023124943,1.51982034028036,10.7264370740159
"Cincinnati Reds","St. Louis Cardinals",3.17438591324531,1.6744906735634,1.15967266811092,25.229460168273
"Cleveland Guardians","St. Louis Cardinals",2.29709276386209,2.7682989968384,1.50511137905569,23.5925649527434
"Colorado Rockies","St. Louis Cardinals",4.61889626640235,3.36068705391229,5.36128252427509,43.1567212844261
"Detroit Tigers","St. Louis Cardinals",1.41174543160927,3.00861969285486,0.386901354917121,17.8832330231373
"Houston Astros","St. Louis Cardinals",2.21004256757368,6.41329353928365,1.22037882741104,33.7205148507041
"Kansas City Royals","St. Louis Cardinals",2.97536695405643,1.85210922190199,1.48698999429475,24.8955193843393
"Los Angeles Angels","St. Louis Cardinals",3.35973954504157,2.30765126178192,1.24706996889426,28.3284610244894
"Los Angeles Dodgers","St. Louis Cardinals",1.94642132847423,1.44036514925119,0.230304548573633,16.2299279671726
"Miami Marlins","St. Louis Cardinals",2.0214751529085,2.50928245004477,0.739525782649885,20.3962240502352
"Milwaukee Brewers","St. Louis Cardinals",4.37748409383432,1.33622613376186,0.249215078408676,30.5227980427002
"Minnesota Twins","St. Louis Cardinals",2.65869447145231,2.94787602244557,0.809101718482095,25.6048966145326
"New York Mets","St. Louis Cardinals",4.21030332132316,1.49971350181045,0.590706098599539,30.3516665319698
"New York Yankees","St. Louis Cardinals",3.15867868761455,3.17475472607491,0.855217805962262,29.3315541098743
"Oakland Athletics","St. Louis Cardinals",2.98376007859281,1.4878808329661,0.903960910631834,23.270163881087
"Philadelphia Phillies","St. Louis Cardinals",1.88952489808419,2.24060188214278,1.64984448284121,19.7087995177747
"Pittsburgh Pirates","St. Louis Cardinals",1.42287217868949,3.28729814511598,0.400282824789934,18.7994103322748
"San Diego Padres","St. Louis Cardinals",2.35065207411459,1.73079616297671,0.543431099467805,19.8397320330855
"San Francisco Giants","St. Louis Cardinals",2.73268352266906,4.23582006778659,0.576103296570715,29.6796646359449
"Seattle Mariners","St. Louis Cardinals",3.53069925535263,1.83563075620622,1.42100695012221,28.1120947508566
"St. Louis Cardinals","St. Louis Cardinals",0,0,0,0
"Tampa Bay Rays","St. Louis Cardinals",3.05541398199343,2.64158650755666,0.859719702545383,27.1169631171759
"Texas Rangers","St. Louis Cardinals",2.97039578006603,1.49210096148903,0.389237787963527,22.6879153528268
"Toronto Blue Jays","St. Louis Cardinals",3.04982598843015,1.0523535517731,0.613933085919699,22.0699496718199
"Washington Nationals","St. Louis Cardinals",1.47750176534107,1.11173027935797,0.810761836806273,13.0109632669266
"Arizona Diamondbacks","Tampa Bay Rays",3.25654535646645,4.34584888941067,1.65406983107007,34.2308886381008
"Atlanta Braves","Tampa Bay Rays",2.93668014601203,2.63195118344073,1.07169287455884,26.5876273009532
"Baltimore Orioles","Tampa Bay Rays",3.04082565081249,2.76898952228404,0.179037637991071,26.7309601097181
"Boston Red Sox","Tampa Bay Rays",2.74114826022832,6.43760963523874,0.756412708328478,36.5161311754146
"Chicago Cubs","Tampa Bay Rays",2.43733644101296,5.45481879945576,0.674209189314096,31.6626842337591
"Chicago White Sox","Tampa Bay Rays",2.74138039867429,2.34033224193904,1.0178798076304,24.4871589254933
"Cincinnati Reds","Tampa Bay Rays",3.69333032916818,1.4267992974387,0.717778092179048,27.1581579595042
"Cleveland Guardians","Tampa Bay Rays",2.39011164274109,1.94910976193701,1.04106774529297,21.2290668875506
"Colorado Rockies","Tampa Bay Rays",5.88482562275279,4.84781196318574,6.05559928572667,55.9079889118007
"Detroit Tigers","Tampa Bay Rays",2.64514216510779,3.93374243811724,1.24168609846527,28.9137664034638
"Houston Astros","Tampa Bay Rays",1.55284491814012,5.29631899693217,0.42393282000217,25.6299593196394
"Kansas City Royals","Tampa Bay Rays",4.80005069585079,2.40351169502991,2.32183287491964,38.3326721351141
"Los Angeles Angels","Tampa Bay Rays",1.42482163964064,2.64636336542474,0.511113771734728,16.9991337058528
"Los Angeles Dodgers","Tampa Bay Rays",2.35735496369623,2.76252169282215,0.729961734790215,23.161656595434
"Miami Marlins","Tampa Bay Rays",2.5177824623349,3.88893761971743,1.26806841741701,28.0415760505787
"Milwaukee Brewers","Tampa Bay Rays",3.03515375659328,3.7829989730158,0.81191661738528,30.3718360759924
"Minnesota Twins","Tampa Bay Rays",2.08841627179515,3.32136425372765,0.86652499403097,23.3611153859848
"New York Mets","Tampa Bay Rays",3.93184787759613,2.3816904563274,0.378231170012911,31.1143898045719
"New York Yankees","Tampa Bay Rays",2.61199423946071,1.69359751757243,0.0487039591193992,20.8014619486009
"Oakland Athletics","Tampa Bay Rays",1.68555700808826,2.06467993335848,0.0463529031992658,16.3537347518043
"Philadelphia Phillies","Tampa Bay Rays",2.75364012982877,2.18550984384747,0.867634749117132,23.9460050596322
"Pittsburgh Pirates","Tampa Bay Rays",3.17317499871966,2.70212729739356,0.97386361067211,28.1192954951708
"San Diego Padres","Tampa Bay Rays",2.31448416265027,2.59308841370156,0.445016600631667,22.1111868176379
"San Francisco Giants","Tampa Bay Rays",3.1282239305176,3.9367480669643,0.422997762818089,31.0025855468166
"Seattle Mariners","Tampa Bay Rays",2.19736391022134,1.99916093144781,0.622928663425733,19.8045949190972
"St. Louis Cardinals","Tampa Bay Rays",3.05541398199343,2.64158650755666,0.859719702545383,27.1169631171759
"Tampa Bay Rays","Tampa Bay Rays",0,0,0,0
"Texas Rangers","Tampa Bay Rays",2.19542289266745,1.68551135211591,0.664014101258049,18.8930855136105
"Toronto Blue Jays","Tampa Bay Rays",2.38152557419178,1.755086563472,0.306766909240946,19.8611800448076
"Washington Nationals","Tampa Bay Rays",2.51324585609132,2.60548877090346,0.0494867442969567,22.9454281935553
"Arizona Diamondbacks","Texas Rangers",4.0973688936592,4.08846901208782,1.02860775164539,37.8782281498641
"Atlanta Braves","Texas Rangers",3.37918580661243,2.07515408224686,0.551217325893035,27.0517944123082
"Baltimore Orioles","Texas Rangers",3.89718823356228,2.78028354825181,0.75456135323165,32.4785413993608
"Boston Red Sox","Texas Rangers",3.38895823887664,7.34084074091244,1.22899273413334,43.5852643901305
"Chicago Cubs","Texas Rangers",2.92847723985616,4.82893770430563,0.580941814478583,32.6386183665324
"Chicago White Sox","Texas Rangers",2.66815119330863,1.4054951913743,1.13586903037415,21.3612617643489
"Cincinnati Reds","Texas Rangers",2.21572213790905,0.915741598464671,0.778706735944837,16.8202643587931
"Cleveland Guardians","Texas Rangers",2.3249818455861,2.20823807914696,1.11846494209026,21.6930702530477
"Colorado Rockies","Texas Rangers",5.32221821659618,3.81834102955669,5.39872031738314,48.7870527056303
"Detroit Tigers","Texas Rangers",2.89464784745857,2.54957686165364,0.736551340280541,25.7531690099929
"Houston Astros","Texas Rangers",1.23141639709298,5.37289990197235,0.930282113431416,24.4374802019063
"Kansas City Royals","Texas Rangers",4.6010038364302,1.36302321678687,1.83319162427538,33.5282842932172
"Los Angeles Angels","Texas Rangers",1.92304565045765,2.26988858786148,0.92717920674003,19.2751188730704
"Los Angeles Dodgers","Texas Rangers",2.54997811136523,1.94982539118635,0.159080416820004,21.3084252585704
"Miami Marlins","Texas Rangers",2.42132091733118,2.8813468375005,1.09946864483723,24.2714346613258
"Milwaukee Brewers","Texas Rangers",2.46980615353591,2.60841058133806,0.186672861279585,22.8307415265092
"Minnesota Twins","Texas Rangers",1.79156976187127,2.99088284147472,0.443715469589931,20.1657825652417
"New York Mets","Texas Rangers",2.83868873918561,1.01070996293174,0.581194178001443,20.6454565019103
"New York Yankees","Texas Rangers",2.03698125856834,2.01487982754144,0.639053448644718,18.9055804826791
"Oakland Athletics","Texas Rangers",2.80471313295104,1.48360673665258,0.698341946797318,21.9774409544613
"Philadelphia Phillies","Texas Rangers",1.94467715586948,2.12377647088193,1.3291100000772,19.3685023479399
"Pittsburgh Pirates","Texas Rangers",2.83017262259866,3.04599208294302,0.310589497273449,26.4296014816945
"San Diego Padres","Texas Rangers",2.2732256517649,1.88665975636983,0.576245173815347,19.8755783535143
"San Francisco Giants","Texas Rangers",4.20943776364015,3.94400831753747,0.596989505439849,37.6856410398932
"Seattle Mariners","Texas Rangers",2.92191964400745,1.63083139083926,1.11843587086609,23.5424479074286
"St. Louis Cardinals","Texas Rangers",2.97039578006603,1.49210096148903,0.389237787963527,22.6879153528268
"Tampa Bay Rays","Texas Rangers",2.19542289266745,1.68551135211591,0.664014101258049,18.8930855136105
"Texas Rangers","Texas Rangers",0,0,0,0
"Toronto Blue Jays","Texas Rangers",2.95629410335979,0.98135439400771,0.358905523727121,21.040733325909
"Washington Nationals","Texas Rangers",2.59913963680986,1.72757519418438,0.623535515779615,21.4010989191919
"Arizona Diamondbacks","Toronto Blue Jays",4.19462428929861,4.14382587524916,1.36910939122878,38.9683327527679
"Atlanta Braves","Toronto Blue Jays",4.52738938260093,1.8162554516013,0.793036340921108,33.4061389913306
"Baltimore Orioles","Toronto Blue Jays",2.35302954374421,2.76341382769733,0.403610839371506,22.8120295849287
"Boston Red Sox","Toronto Blue Jays",3.11998055544835,7.24084090683336,0.929838710739088,41.3722447639293
"Chicago Cubs","Toronto Blue Jays",3.32986300868672,4.6146437302503,0.516673626422521,34.3397828692937
"Chicago White Sox","Toronto Blue Jays",2.3521592490631,1.20216472500274,0.998472044815307,18.7179217142021
"Cincinnati Reds","Toronto Blue Jays",4.09379788580162,1.11576617060251,0.645716826924251,28.5558026535415
"Cleveland Guardians","Toronto Blue Jays",2.82136556666352,2.38096686888171,1.00202103934578,25.073115045972
"Colorado Rockies","Toronto Blue Jays",6.99708057635865,4.03189174286016,5.74945538489624,59.8276140716286
"Detroit Tigers","Toronto Blue Jays",3.51994257492335,3.27309528027817,1.00039429434723,31.9393355847218
"Houston Astros","Toronto Blue Jays",2.65043188133366,6.15099445211957,0.607218630215309,34.962793274576
"Kansas City Royals","Toronto Blue Jays",5.51267172620311,1.70710651203375,2.10039676005654,40.2977466533764
"Los Angeles Angels","Toronto Blue Jays",2.32296407364077,2.1929793477316,0.636101299236605,21.152823784276
"Los Angeles Dodgers","Toronto Blue Jays",1.71533324573141,1.24842133783071,0.443982407231603,14.4812458951122
"Miami Marlins","Toronto Blue Jays",3.71679697394611,2.92664592611012,1.16900622790534,32.2497258499124
"Milwaukee Brewers","Toronto Blue Jays",4.25762718872857,2.35783399432549,0.518152028684496,33.1374171440324
"Minnesota Twins","Toronto Blue Jays",3.32073743642259,3.02974029371482,0.605222854838925,29.6188683545189
"New York Mets","Toronto Blue Jays",4.8788100977421,1.56807633394445,0.373087782616656,34.3501773709026
"New York Yankees","Toronto Blue Jays",1.88711854427742,2.3265446599359,0.280148376747523,18.5824936222198
"Oakland Athletics","Toronto Blue Jays",3.15924385844159,1.30295565798746,0.339577033241518,23.2039071578535
"Philadelphia Phillies","Toronto Blue Jays",3.56187893067996,2.08783072164324,1.03707422578289,28.6718399747924
"Pittsburgh Pirates","Toronto Blue Jays",3.39808385890458,2.83888913818973,0.669466911746145,29.5746374797428
"San Diego Padres","Toronto Blue Jays",2.05418329909174,1.36239351602735,0.410585107493689,16.8228654501262
"San Francisco Giants","Toronto Blue Jays",3.61099655002503,3.946110912962,0.411300816427636,33.9156128554638
"Seattle Mariners","Toronto Blue Jays",2.07132272522525,1.54808234008665,0.8071109740708,17.8792943456823
"St. Louis Cardinals","Toronto Blue Jays",3.04982598843015,1.0523535517731,0.613933085919699,22.0699496718199
"Tampa Bay Rays","Toronto Blue Jays",2.38152557419178,1.755086563472,0.306766909240946,19.8611800448076
"Texas Rangers","Toronto Blue Jays",2.95629410335979,0.98135439400771,0.358905523727121,21.040733325909
"Toronto Blue Jays","Toronto Blue Jays",0,0,0,0
"Washington Nationals","Toronto Blue Jays",2.59866501573833,1.53081423169854,0.269648054364992,20.4540808438906
"Arizona Diamondbacks","Washington Nationals",3.38565049767566,3.20911977709779,1.60723787764982,31.5485001949971
"Atlanta Braves","Washington Nationals",3.4548422064389,2.14440252493031,1.04727449947454,28.2095353128989
"Baltimore Orioles","Washington Nationals",2.0103973592306,3.25350810022518,0.222476661652615,22.0453851177117
"Boston Red Sox","Washington Nationals",3.38387346205042,7.42334299804534,0.801021561888675,43.3742913283272
"Chicago Cubs","Washington Nationals",1.69882837952942,3.68707395264814,0.671985273489088,21.92617740861
"Chicago White Sox","Washington Nationals",1.49820680564801,1.48823580545708,1.04046943813004,14.4944176883893
"Cincinnati Reds","Washington Nationals",2.83361810926495,1.77849624330146,0.729961734790215,23.0671591202843
"Cleveland Guardians","Washington Nationals",2.58820985345211,2.63646584019351,1.06095139598069,24.4996080372739
"Colorado Rockies","Washington Nationals",5.18955264773811,3.2520724680785,6.01880137045196,46.9123346611161
"Detroit Tigers","Washington Nationals",1.98897984785825,3.03318208874849,1.19237440947778,22.2257997628727
"Houston Astros","Washington Nationals",2.02603667638904,6.20700499825114,0.467304388567706,31.2445394416553
"Kansas City Royals","Washington Nationals",4.1351622749424,1.89490501903887,2.27240915437641,32.7680978611474
"Los Angeles Angels","Washington Nationals",2.30199106041866,2.35075640120616,0.548503509227606,21.412719075358
"Los Angeles Dodgers","Washington Nationals",0.998642159298621,2.10611749788128,0.684307161866783,12.9945126113023
"Miami Marlins","Washington Nationals",2.51333358900767,2.03970167202986,1.22386323675501,22.4229697868906
"Milwaukee Brewers","Washington Nationals",3.78839064992275,1.75382659422417,0.767341461284162,28.7591651434932
"Minnesota Twins","Washington Nationals",2.74076452050949,2.87066565346879,0.846032638186889,25.9026167216502
"New York Mets","Washington Nationals",3.95562726740014,1.78408725769075,0.334796063763883,29.420821441237
"New York Yankees","Washington Nationals",2.52544180711697,3.15071007388268,0.0701676311744095,24.6749486955243
"Oakland Athletics","Washington Nationals",2.9540662061664,1.76527201119644,0.0954985467727008,23.1157118173604
"Philadelphia Phillies","Washington Nationals",1.62848106109672,2.39386755265654,0.912255763849804,17.8647447883998
"Pittsburgh Pirates","Washington Nationals",2.61857762275301,3.14840481846561,0.932430497092294,26.0891106890072
"San Diego Padres","Washington Nationals",1.37022760335756,2.25510296861918,0.4006498998627,15.3873244258656
"San Francisco Giants","Washington Nationals",3.21650559831739,4.33291052191048,0.380087741060191,32.677852896696
"Seattle Mariners","Washington Nationals",2.79379079288733,1.98601919802746,0.667947464840145,23.3887498162465
"St. Louis Cardinals","Washington Nationals",1.47750176534107,1.11173027935797,0.810761836806273,13.0109632669266
"Tampa Bay Rays","Washington Nationals",2.51324585609132,2.60548877090346,0.0494867442969567,22.9454281935553
"Texas Rangers","Washington Nationals",2.59913963680986,1.72757519418438,0.623535515779615,21.4010989191919
"Toronto Blue Jays","Washington Nationals",2.59866501573833,1.53081423169854,0.269648054364992,20.4540808438906
"Washington Nationals","Washington Nationals",0,0,0,0
